INSERT INTO `_Enum_TypesEvents` (Id,Name,Description,IsTombstone,IsDirty) VALUES ('@ref[Enum_TypesEvents]:83c0e4e3-0164-81bf-4804-a18e953859f5','Visit','Визит',0,0);
INSERT INTO `_Enum_TypesEvents` (Id,Name,Description,IsTombstone,IsDirty) VALUES ('@ref[Enum_TypesEvents]:be62d056-4a2d-3ff4-45bf-b48e8f3b30fb','Task','Задача',0,0);
INSERT INTO `_Enum_TypesEvents` (Id,Name,Description,IsTombstone,IsDirty) VALUES ('@ref[Enum_TypesEvents]:ad7e2b2c-b856-ed78-4d06-4b44a4a4cd57','Call','Звонок',0,0);
INSERT INTO `_Enum_TypesEvents` (Id,Name,Description,IsTombstone,IsDirty) VALUES ('@ref[Enum_TypesEvents]:8824e263-6025-070c-4ea0-55807f97b5e3','Letter','Письмо',0,0);
INSERT INTO `_Enum_TypesDataParameters` (Id,Name,Description,IsTombstone,IsDirty) VALUES ('@ref[Enum_TypesDataParameters]:8404c846-e63b-425c-40fb-e3081e1b97c0','String','Строка',0,0);
INSERT INTO `_Enum_TypesDataParameters` (Id,Name,Description,IsTombstone,IsDirty) VALUES ('@ref[Enum_TypesDataParameters]:a41d9f6f-7392-f28b-4894-2fdff7b03f74','Integer','Целое',0,0);
INSERT INTO `_Enum_TypesDataParameters` (Id,Name,Description,IsTombstone,IsDirty) VALUES ('@ref[Enum_TypesDataParameters]:a93579ae-b709-07f2-4228-f017f13e594f','Decimal','Дробное',0,0);
INSERT INTO `_Enum_TypesDataParameters` (Id,Name,Description,IsTombstone,IsDirty) VALUES ('@ref[Enum_TypesDataParameters]:aab753ce-1c3b-26b2-4d84-1461cd69c8ab','Boolean','Булево',0,0);
INSERT INTO `_Enum_TypesDataParameters` (Id,Name,Description,IsTombstone,IsDirty) VALUES ('@ref[Enum_TypesDataParameters]:be371ba8-80cb-b12e-4445-d9dbd848cd08','DateTime','ДатаВремя',0,0);
INSERT INTO `_Enum_TypesDataParameters` (Id,Name,Description,IsTombstone,IsDirty) VALUES ('@ref[Enum_TypesDataParameters]:988d759f-473c-bdde-42c8-3dcc69bcc24b','ValList','СписокЗначений',0,0);
INSERT INTO `_Enum_TypesDataParameters` (Id,Name,Description,IsTombstone,IsDirty) VALUES ('@ref[Enum_TypesDataParameters]:ae3d67f7-50b3-4e00-4ab8-fc9cb4f1bf64','Snapshot','Снимок',0,0);
INSERT INTO `_Enum_StatusyEvents` (Id,Name,Description,IsTombstone,IsDirty) VALUES ('@ref[Enum_StatusyEvents]:8d300e1c-3261-e745-4046-0ae57541898b','Appointed','Назначено',0,0);
INSERT INTO `_Enum_StatusyEvents` (Id,Name,Description,IsTombstone,IsDirty) VALUES ('@ref[Enum_StatusyEvents]:81998d6c-e971-8f4d-4fbb-bd4d3b61e737','Done','Выполнено',0,0);
INSERT INTO `_Enum_StatusyEvents` (Id,Name,Description,IsTombstone,IsDirty) VALUES ('@ref[Enum_StatusyEvents]:81ec69ec-e546-b95d-4879-1cb04ea0a1e6','Cancel','Отменено',0,0);
INSERT INTO `_Enum_StatusyEvents` (Id,Name,Description,IsTombstone,IsDirty) VALUES ('@ref[Enum_StatusyEvents]:a00d846a-3d09-46c0-4a19-b6a10e055c9e','InWork','ВРаботе',0,0);
INSERT INTO `_Enum_StatusImportance` (Id,Name,Description,IsTombstone,IsDirty) VALUES ('@ref[Enum_StatusImportance]:9deb314e-1bd6-1ee0-4eb2-ac621ba09b74','Standart','Стандартная',0,0);
INSERT INTO `_Enum_StatusImportance` (Id,Name,Description,IsTombstone,IsDirty) VALUES ('@ref[Enum_StatusImportance]:9495d0f0-6ef5-a7fe-473f-8e2d6e8586e2','High','Высокая',0,0);
INSERT INTO `_Enum_StatusImportance` (Id,Name,Description,IsTombstone,IsDirty) VALUES ('@ref[Enum_StatusImportance]:a570aeea-0f88-54c3-4075-d0cb82f0dd95','Critical','Критическая',0,0);
INSERT INTO `_Enum_StatusEquipment` (Id,Name,Description,IsTombstone,IsDirty) VALUES ('@ref[Enum_StatusEquipment]:951b5831-923e-0439-4ef7-9198a2cf19fe','Rent','Аренда',0,0);
INSERT INTO `_Enum_StatusEquipment` (Id,Name,Description,IsTombstone,IsDirty) VALUES ('@ref[Enum_StatusEquipment]:b526c98c-9cca-ddd2-4c8f-b6be4e172e26','Seales','Продажа',0,0);
INSERT INTO `_Enum_StatusEquipment` (Id,Name,Description,IsTombstone,IsDirty) VALUES ('@ref[Enum_StatusEquipment]:a9c2af13-ed6d-3af3-48f9-bdcbb4065442','Loan','Ссуда',0,0);
INSERT INTO `_Enum_StatusEquipment` (Id,Name,Description,IsTombstone,IsDirty) VALUES ('@ref[Enum_StatusEquipment]:9a558829-062a-01f9-4c0d-3f32723dd886','Died','Умер',0,0);
INSERT INTO `_Enum_StatsNeedNum` (Id,Name,Description,IsTombstone,IsDirty) VALUES ('@ref[Enum_StatsNeedNum]:aba20521-d3cb-0a3f-42c2-eee2ce12a07a','New','Новая',0,0);
INSERT INTO `_Enum_StatsNeedNum` (Id,Name,Description,IsTombstone,IsDirty) VALUES ('@ref[Enum_StatsNeedNum]:bdd2411f-c0e4-2a47-4486-a87fa2ad1dfb','Done','Отгружено',0,0);
INSERT INTO `_Enum_StatsNeedNum` (Id,Name,Description,IsTombstone,IsDirty) VALUES ('@ref[Enum_StatsNeedNum]:b1c2efd2-66a9-e59e-4211-09077ec95dc7','Confirmed','Подтверждено',0,0);
INSERT INTO `_Enum_StatsNeedNum` (Id,Name,Description,IsTombstone,IsDirty) VALUES ('@ref[Enum_StatsNeedNum]:b7b121a8-56ab-5a80-4a81-096647744ebd','Cancel','Отменено',0,0);
INSERT INTO `_Enum_ResultEvent` (Id,Name,Description,IsTombstone,IsDirty) VALUES ('@ref[Enum_ResultEvent]:ae46ba49-b076-6c8c-4730-4709e7191d5b','New','Новое',0,0);
INSERT INTO `_Enum_ResultEvent` (Id,Name,Description,IsTombstone,IsDirty) VALUES ('@ref[Enum_ResultEvent]:81270b2c-190a-faf2-440f-4a593042495e','Done','Выполнено',0,0);
INSERT INTO `_Enum_ResultEvent` (Id,Name,Description,IsTombstone,IsDirty) VALUES ('@ref[Enum_ResultEvent]:9956cf47-e216-522e-48f6-8aba06fc9a5e','NotDone','НеВыполнено',0,0);
INSERT INTO `_Enum_FoReminders` (Id,Name,Description,IsTombstone,IsDirty) VALUES ('@ref[Enum_FoReminders]:a0e50e05-99b8-58c2-4a45-180c4462723a','Sale','Продажа',0,0);
INSERT INTO `_Enum_FoReminders` (Id,Name,Description,IsTombstone,IsDirty) VALUES ('@ref[Enum_FoReminders]:969c9dd5-db42-b32a-40c7-935be3a19251','Problem','Проблема',0,0);
INSERT INTO `_Enum_CheckListStatus` (Id,Name,Description,IsTombstone,IsDirty) VALUES ('@ref[Enum_CheckListStatus]:854946f6-fc1d-bec2-4968-1f7e3c8d3c61','Blank','Черновик',0,0);
INSERT INTO `_Enum_CheckListStatus` (Id,Name,Description,IsTombstone,IsDirty) VALUES ('@ref[Enum_CheckListStatus]:ba4d325a-f1b7-072d-4c3e-fd4bf9f33901','Active','Активен',0,0);
INSERT INTO `_Enum_CheckListStatus` (Id,Name,Description,IsTombstone,IsDirty) VALUES ('@ref[Enum_CheckListStatus]:ab0acbab-556c-7058-4ba9-e4cd72c2958d','Disactive','НеАктивен',0,0);
INSERT INTO `_Document_Reminder` (Posted,Id,DeletionMark,Date,Number,Reminders,ViewReminder,Comment,IsTombstone,IsDirty) VALUES (NULL,'@ref[Document_Reminder]:dac488ff-1c08-47ff-9676-17fbf7ceed55',NULL,'2016-05-25 17:34:35.967233',NULL,'@ref[Document_Event]:c2e83f87-218a-11e6-80e3-005056011152','@ref[Enum_FoReminders]:a0e50e05-99b8-58c2-4a45-180c4462723a','Потребность',0,1);
INSERT INTO `_Document_Reminder` (Posted,Id,DeletionMark,Date,Number,Reminders,ViewReminder,Comment,IsTombstone,IsDirty) VALUES (NULL,'@ref[Document_Reminder]:c7dfc9a3-fed4-48fa-9907-87a0b718ab8d',NULL,'2016-05-25 17:34:49.103211',NULL,'@ref[Document_Event]:c2e83f87-218a-11e6-80e3-005056011152','@ref[Enum_FoReminders]:969c9dd5-db42-b32a-40c7-935be3a19251','Проблема',0,1);
INSERT INTO `_Document_NeedMat_Matireals` (Id,LineNumber,Ref,SKU,Count,IsTombstone,IsDirty) VALUES ('@ref[Document_NeedMat_Matireals]:775cb78e-61a9-4cb8-aa9e-5f7edea80067',NULL,'@ref[Document_NeedMat]:b73ce043-61ce-434f-bb9e-2bd6058201f3','@ref[Catalog_RIM]:b5c96676-e6a4-11e5-80d9-005056011152',5.0,0,0);
INSERT INTO `_Document_NeedMat_Matireals` (Id,LineNumber,Ref,SKU,Count,IsTombstone,IsDirty) VALUES ('@ref[Document_NeedMat_Matireals]:57eb7d40-03f5-4118-aef5-6eddbe348bf6',NULL,'@ref[Document_NeedMat]:b73ce043-61ce-434f-bb9e-2bd6058201f3','@ref[Catalog_RIM]:d61ab364-f98b-11e5-80e3-005056011152',5.0,0,0);
INSERT INTO `_Document_NeedMat_Matireals` (Id,LineNumber,Ref,SKU,Count,IsTombstone,IsDirty) VALUES ('@ref[Document_NeedMat_Matireals]:fc84b8f9-1380-42ea-a7f1-84962a91667d',NULL,'@ref[Document_NeedMat]:18cdb966-954d-44e3-963f-9ade069bebba','@ref[Catalog_RIM]:22f14b99-f908-11e5-80e3-005056011152',6.0,0,0);
INSERT INTO `_Document_NeedMat` (Posted,Id,DeletionMark,Date,Number,DocIn,StatsNeed,SR,FillFull,SRMComment,SRComment,IsTombstone,IsDirty) VALUES (1,'@ref[Document_NeedMat]:7b0853fd-13b3-454c-9526-83dd5f374e22',0,'2016-05-19 14:08:03','000000002','@ref[Document_Event]:00000000-0000-0000-0000-000000000000','@ref[Enum_StatsNeedNum]:aba20521-d3cb-0a3f-42c2-eee2ce12a07a','@ref[Catalog_User]:56087fb7-b90f-11e5-80d9-005056011152',1,'','',0,0);
INSERT INTO `_Document_NeedMat` (Posted,Id,DeletionMark,Date,Number,DocIn,StatsNeed,SR,FillFull,SRMComment,SRComment,IsTombstone,IsDirty) VALUES (1,'@ref[Document_NeedMat]:b73ce043-61ce-434f-bb9e-2bd6058201f3',0,'2016-05-19 15:10:13','000000001','@ref[Document_Event]:00000000-0000-0000-0000-000000000000','@ref[Enum_StatsNeedNum]:aba20521-d3cb-0a3f-42c2-eee2ce12a07a','@ref[Catalog_User]:56087fb7-b90f-11e5-80d9-005056011152',0,'','надо убраться',0,0);
INSERT INTO `_Document_NeedMat` (Posted,Id,DeletionMark,Date,Number,DocIn,StatsNeed,SR,FillFull,SRMComment,SRComment,IsTombstone,IsDirty) VALUES (1,'@ref[Document_NeedMat]:bc830a86-7d63-4c14-bfc0-ee195ea0f417',0,'2016-05-19 15:10:04','000000003','@ref[Document_Event]:00000000-0000-0000-0000-000000000000','@ref[Enum_StatsNeedNum]:aba20521-d3cb-0a3f-42c2-eee2ce12a07a','@ref[Catalog_User]:56087fb7-b90f-11e5-80d9-005056011152',1,'','',0,0);
INSERT INTO `_Document_NeedMat` (Posted,Id,DeletionMark,Date,Number,DocIn,StatsNeed,SR,FillFull,SRMComment,SRComment,IsTombstone,IsDirty) VALUES (NULL,'@ref[Document_NeedMat]:54a34fdb-79e5-461b-b141-5b9389ae853e',0,'2016-05-24 12:23:13.936344',NULL,'@ref[Document_Event]:00000000-0000-0000-0000-000000000000','@ref[Enum_StatsNeedNum]:aba20521-d3cb-0a3f-42c2-eee2ce12a07a','@ref[Catalog_User]:56087fb7-b90f-11e5-80d9-005056011152',1,NULL,NULL,0,0);
INSERT INTO `_Document_NeedMat` (Posted,Id,DeletionMark,Date,Number,DocIn,StatsNeed,SR,FillFull,SRMComment,SRComment,IsTombstone,IsDirty) VALUES (NULL,'@ref[Document_NeedMat]:18cdb966-954d-44e3-963f-9ade069bebba',0,'2016-05-24 12:23:19.801239',NULL,'@ref[Document_Event]:00000000-0000-0000-0000-000000000000','@ref[Enum_StatsNeedNum]:aba20521-d3cb-0a3f-42c2-eee2ce12a07a','@ref[Catalog_User]:56087fb7-b90f-11e5-80d9-005056011152',0,NULL,NULL,0,0);
INSERT INTO `_Document_Event_TypeDepartures` (Id,LineNumber,Ref,TypeDeparture,Active,IsTombstone,IsDirty) VALUES ('@ref[Document_Event_TypeDepartures]:98915703-9621-e611-80c3-005056010e44',1,'@ref[Document_Event]:c2e83f87-218a-11e6-80e3-005056011152','@ref[Catalog_TypesDepartures]:4a39bf56-d49f-11e5-80d9-005056011152',1,0,0);
INSERT INTO `_Document_Event_TypeDepartures` (Id,LineNumber,Ref,TypeDeparture,Active,IsTombstone,IsDirty) VALUES ('@ref[Document_Event_TypeDepartures]:99915703-9621-e611-80c3-005056010e44',2,'@ref[Document_Event]:c2e83f87-218a-11e6-80e3-005056011152','@ref[Catalog_TypesDepartures]:4a39bf57-d49f-11e5-80d9-005056011152',0,0,0);
INSERT INTO `_Document_Event_TypeDepartures` (Id,LineNumber,Ref,TypeDeparture,Active,IsTombstone,IsDirty) VALUES ('@ref[Document_Event_TypeDepartures]:9a915703-9621-e611-80c3-005056010e44',3,'@ref[Document_Event]:c2e83f87-218a-11e6-80e3-005056011152','@ref[Catalog_TypesDepartures]:4a39bf58-d49f-11e5-80d9-005056011152',0,0,0);
INSERT INTO `_Document_Event_TypeDepartures` (Id,LineNumber,Ref,TypeDeparture,Active,IsTombstone,IsDirty) VALUES ('@ref[Document_Event_TypeDepartures]:9b915703-9621-e611-80c3-005056010e44',4,'@ref[Document_Event]:c2e83f87-218a-11e6-80e3-005056011152','@ref[Catalog_TypesDepartures]:6245a741-0703-11e6-80e3-005056011152',0,0,0);
INSERT INTO `_Document_Event_TypeDepartures` (Id,LineNumber,Ref,TypeDeparture,Active,IsTombstone,IsDirty) VALUES ('@ref[Document_Event_TypeDepartures]:9c915703-9621-e611-80c3-005056010e44',5,'@ref[Document_Event]:c2e83f87-218a-11e6-80e3-005056011152','@ref[Catalog_TypesDepartures]:08f5239c-1214-11e6-80e3-005056011152',0,0,0);
INSERT INTO `_Document_Event_TypeDepartures` (Id,LineNumber,Ref,TypeDeparture,Active,IsTombstone,IsDirty) VALUES ('@ref[Document_Event_TypeDepartures]:9d915703-9621-e611-80c3-005056010e44',6,'@ref[Document_Event]:c2e83f87-218a-11e6-80e3-005056011152','@ref[Catalog_TypesDepartures]:08f5239d-1214-11e6-80e3-005056011152',0,0,0);
INSERT INTO `_Document_Event_ServicesMaterials` (Id,LineNumber,Ref,SKU,Price,AmountPlan,SumPlan,AmountFact,SumFact,IsTombstone,IsDirty) VALUES ('@ref[Document_Event_ServicesMaterials]:9f915703-9621-e611-80c3-005056010e44',2,'@ref[Document_Event]:c2e83f87-218a-11e6-80e3-005056011152','@ref[Catalog_RIM]:b5c96676-e6a4-11e5-80d9-005056011152',30.0,2.0,60.0,0.0,0.0,0,0);
INSERT INTO `_Document_Event_ServicesMaterials` (Id,LineNumber,Ref,SKU,Price,AmountPlan,SumPlan,AmountFact,SumFact,IsTombstone,IsDirty) VALUES ('@ref[Document_Event_ServicesMaterials]:9e915703-9621-e611-80c3-005056010e44',1,'@ref[Document_Event]:c2e83f87-218a-11e6-80e3-005056011152','@ref[Catalog_RIM]:d61ab364-f98b-11e5-80e3-005056011152',50.0,1.0,50.0,0.0,0.0,0,0);
INSERT INTO `_Document_Event_ServicesMaterials` (Id,LineNumber,Ref,SKU,Price,AmountPlan,SumPlan,AmountFact,SumFact,IsTombstone,IsDirty) VALUES ('@ref[Document_Event_ServicesMaterials]:a0915703-9621-e611-80c3-005056010e44',3,'@ref[Document_Event]:c2e83f87-218a-11e6-80e3-005056011152','@ref[Catalog_RIM]:c90b055b-05fc-11e6-80e3-005056011152',800.0,1.0,800.0,0.0,0.0,0,0);
INSERT INTO `_Document_Event_Parameters` (Id,LineNumber,Ref,Parameter,Val,IsTombstone,IsDirty) VALUES ('@ref[Document_Event_Parameters]:91915703-9621-e611-80c3-005056010e44',15,'@ref[Document_Event]:c2e83f87-218a-11e6-80e3-005056011152','@ref[Catalog_EventOptions]:2d38c03a-174b-11e6-80e3-005056011152','',0,0);
INSERT INTO `_Document_Event_Parameters` (Id,LineNumber,Ref,Parameter,Val,IsTombstone,IsDirty) VALUES ('@ref[Document_Event_Parameters]:90915703-9621-e611-80c3-005056010e44',14,'@ref[Document_Event]:c2e83f87-218a-11e6-80e3-005056011152','@ref[Catalog_EventOptions]:2d38c037-174b-11e6-80e3-005056011152','',0,0);
INSERT INTO `_Document_Event_Parameters` (Id,LineNumber,Ref,Parameter,Val,IsTombstone,IsDirty) VALUES ('@ref[Document_Event_Parameters]:8f915703-9621-e611-80c3-005056010e44',13,'@ref[Document_Event]:c2e83f87-218a-11e6-80e3-005056011152','@ref[Catalog_EventOptions]:422820b1-fff9-11e5-80e3-005056011152','',0,0);
INSERT INTO `_Document_Event_Parameters` (Id,LineNumber,Ref,Parameter,Val,IsTombstone,IsDirty) VALUES ('@ref[Document_Event_Parameters]:8e915703-9621-e611-80c3-005056010e44',12,'@ref[Document_Event]:c2e83f87-218a-11e6-80e3-005056011152','@ref[Catalog_EventOptions]:422820b0-fff9-11e5-80e3-005056011152','',0,0);
INSERT INTO `_Document_Event_Parameters` (Id,LineNumber,Ref,Parameter,Val,IsTombstone,IsDirty) VALUES ('@ref[Document_Event_Parameters]:8d915703-9621-e611-80c3-005056010e44',2,'@ref[Document_Event]:c2e83f87-218a-11e6-80e3-005056011152','@ref[Catalog_EventOptions]:d61ab353-f98b-11e5-80e3-005056011152','',0,0);
INSERT INTO `_Document_Event_Parameters` (Id,LineNumber,Ref,Parameter,Val,IsTombstone,IsDirty) VALUES ('@ref[Document_Event_Parameters]:8c915703-9621-e611-80c3-005056010e44',1,'@ref[Document_Event]:c2e83f87-218a-11e6-80e3-005056011152','@ref[Catalog_EventOptions]:d61ab352-f98b-11e5-80e3-005056011152','',0,0);
INSERT INTO `_Document_Event_Parameters` (Id,LineNumber,Ref,Parameter,Val,IsTombstone,IsDirty) VALUES ('@ref[Document_Event_Parameters]:8b915703-9621-e611-80c3-005056010e44',11,'@ref[Document_Event]:c2e83f87-218a-11e6-80e3-005056011152','@ref[Catalog_EventOptions]:6cc8e8ce-fa68-11e5-80e3-005056011152','',0,0);
INSERT INTO `_Document_Event_Parameters` (Id,LineNumber,Ref,Parameter,Val,IsTombstone,IsDirty) VALUES ('@ref[Document_Event_Parameters]:8a915703-9621-e611-80c3-005056010e44',10,'@ref[Document_Event]:c2e83f87-218a-11e6-80e3-005056011152','@ref[Catalog_EventOptions]:6cc8e8cd-fa68-11e5-80e3-005056011152','',0,0);
INSERT INTO `_Document_Event_Parameters` (Id,LineNumber,Ref,Parameter,Val,IsTombstone,IsDirty) VALUES ('@ref[Document_Event_Parameters]:89915703-9621-e611-80c3-005056010e44',9,'@ref[Document_Event]:c2e83f87-218a-11e6-80e3-005056011152','@ref[Catalog_EventOptions]:6cc8e8cc-fa68-11e5-80e3-005056011152','',0,0);
INSERT INTO `_Document_Event_Parameters` (Id,LineNumber,Ref,Parameter,Val,IsTombstone,IsDirty) VALUES ('@ref[Document_Event_Parameters]:88915703-9621-e611-80c3-005056010e44',8,'@ref[Document_Event]:c2e83f87-218a-11e6-80e3-005056011152','@ref[Catalog_EventOptions]:6cc8e8cb-fa68-11e5-80e3-005056011152','',0,0);
INSERT INTO `_Document_Event_Parameters` (Id,LineNumber,Ref,Parameter,Val,IsTombstone,IsDirty) VALUES ('@ref[Document_Event_Parameters]:87915703-9621-e611-80c3-005056010e44',7,'@ref[Document_Event]:c2e83f87-218a-11e6-80e3-005056011152','@ref[Catalog_EventOptions]:6cc8e8ca-fa68-11e5-80e3-005056011152','',0,0);
INSERT INTO `_Document_Event_Parameters` (Id,LineNumber,Ref,Parameter,Val,IsTombstone,IsDirty) VALUES ('@ref[Document_Event_Parameters]:86915703-9621-e611-80c3-005056010e44',6,'@ref[Document_Event]:c2e83f87-218a-11e6-80e3-005056011152','@ref[Catalog_EventOptions]:6cc8e8c9-fa68-11e5-80e3-005056011152','',0,0);
INSERT INTO `_Document_Event_Parameters` (Id,LineNumber,Ref,Parameter,Val,IsTombstone,IsDirty) VALUES ('@ref[Document_Event_Parameters]:85915703-9621-e611-80c3-005056010e44',5,'@ref[Document_Event]:c2e83f87-218a-11e6-80e3-005056011152','@ref[Catalog_EventOptions]:6cc8e8c8-fa68-11e5-80e3-005056011152','',0,0);
INSERT INTO `_Document_Event_Parameters` (Id,LineNumber,Ref,Parameter,Val,IsTombstone,IsDirty) VALUES ('@ref[Document_Event_Parameters]:84915703-9621-e611-80c3-005056010e44',4,'@ref[Document_Event]:c2e83f87-218a-11e6-80e3-005056011152','@ref[Catalog_EventOptions]:6cc8e8c7-fa68-11e5-80e3-005056011152','',0,0);
INSERT INTO `_Document_Event_Parameters` (Id,LineNumber,Ref,Parameter,Val,IsTombstone,IsDirty) VALUES ('@ref[Document_Event_Parameters]:83915703-9621-e611-80c3-005056010e44',3,'@ref[Document_Event]:c2e83f87-218a-11e6-80e3-005056011152','@ref[Catalog_EventOptions]:6cc8e8c6-fa68-11e5-80e3-005056011152','',0,0);
INSERT INTO `_Document_Event_Equipments` (Id,LineNumber,Ref,Equipment,Terget,Result,Comment,SID,IsTombstone,IsDirty) VALUES ('@ref[Document_Event_Equipments]:82915703-9621-e611-80c3-005056010e44',1,'@ref[Document_Event]:c2e83f87-218a-11e6-80e3-005056011152','@ref[Catalog_Equipment]:7c58129f-e5db-11e5-80d9-005056011152','','@ref[Enum_ResultEvent]:ae46ba49-b076-6c8c-4730-4709e7191d5b','','ee7b7439-5de8-4da1-af4c-8cb24097953b',0,0);
INSERT INTO `_Document_Event_CheckList` (Id,LineNumber,Ref,Action,CheckListRef,Result,ActionType,Required,IsTombstone,IsDirty) VALUES ('@ref[Document_Event_CheckList]:97915703-9621-e611-80c3-005056010e44',6,'@ref[Document_Event]:c2e83f87-218a-11e6-80e3-005056011152','@ref[Catalog_Actions]:d61ab36b-f98b-11e5-80e3-005056011152','@ref[Document_CheckList]:d61ab36c-f98b-11e5-80e3-005056011152','Да','@ref[Enum_TypesDataParameters]:aab753ce-1c3b-26b2-4d84-1461cd69c8ab',0,0,1);
INSERT INTO `_Document_Event_CheckList` (Id,LineNumber,Ref,Action,CheckListRef,Result,ActionType,Required,IsTombstone,IsDirty) VALUES ('@ref[Document_Event_CheckList]:96915703-9621-e611-80c3-005056010e44',5,'@ref[Document_Event]:c2e83f87-218a-11e6-80e3-005056011152','@ref[Catalog_Actions]:d61ab369-f98b-11e5-80e3-005056011152','@ref[Document_CheckList]:d61ab36c-f98b-11e5-80e3-005056011152','','@ref[Enum_TypesDataParameters]:ae3d67f7-50b3-4e00-4ab8-fc9cb4f1bf64',0,0,0);
INSERT INTO `_Document_Event_CheckList` (Id,LineNumber,Ref,Action,CheckListRef,Result,ActionType,Required,IsTombstone,IsDirty) VALUES ('@ref[Document_Event_CheckList]:95915703-9621-e611-80c3-005056010e44',4,'@ref[Document_Event]:c2e83f87-218a-11e6-80e3-005056011152','@ref[Catalog_Actions]:d61ab367-f98b-11e5-80e3-005056011152','@ref[Document_CheckList]:d61ab36c-f98b-11e5-80e3-005056011152','','@ref[Enum_TypesDataParameters]:ae3d67f7-50b3-4e00-4ab8-fc9cb4f1bf64',0,0,0);
INSERT INTO `_Document_Event_CheckList` (Id,LineNumber,Ref,Action,CheckListRef,Result,ActionType,Required,IsTombstone,IsDirty) VALUES ('@ref[Document_Event_CheckList]:94915703-9621-e611-80c3-005056010e44',3,'@ref[Document_Event]:c2e83f87-218a-11e6-80e3-005056011152','@ref[Catalog_Actions]:13bd18be-d63d-11e5-80d9-005056011152','@ref[Document_CheckList]:13bd18bf-d63d-11e5-80d9-005056011152','f0e5e3eb-eeaf-615e-ea8f-a983b390c914','@ref[Enum_TypesDataParameters]:ae3d67f7-50b3-4e00-4ab8-fc9cb4f1bf64',0,0,1);
INSERT INTO `_Document_Event_CheckList` (Id,LineNumber,Ref,Action,CheckListRef,Result,ActionType,Required,IsTombstone,IsDirty) VALUES ('@ref[Document_Event_CheckList]:93915703-9621-e611-80c3-005056010e44',2,'@ref[Document_Event]:c2e83f87-218a-11e6-80e3-005056011152','@ref[Catalog_Actions]:13bd18bd-d63d-11e5-80d9-005056011152','@ref[Document_CheckList]:13bd18bf-d63d-11e5-80d9-005056011152',' Прайс 1 (без скидок)','@ref[Enum_TypesDataParameters]:988d759f-473c-bdde-42c8-3dcc69bcc24b',1,0,1);
INSERT INTO `_Document_Event_CheckList` (Id,LineNumber,Ref,Action,CheckListRef,Result,ActionType,Required,IsTombstone,IsDirty) VALUES ('@ref[Document_Event_CheckList]:92915703-9621-e611-80c3-005056010e44',1,'@ref[Document_Event]:c2e83f87-218a-11e6-80e3-005056011152','@ref[Catalog_Actions]:13bd18bc-d63d-11e5-80d9-005056011152','@ref[Document_CheckList]:13bd18bf-d63d-11e5-80d9-005056011152','Нет','@ref[Enum_TypesDataParameters]:aab753ce-1c3b-26b2-4d84-1461cd69c8ab',0,0,1);
INSERT INTO `_Document_Event` (Posted,Id,DeletionMark,Date,Number,ApplicationJustification,Client,DivisionSource,KindEvent,AnySale,AnyProblem,StartDatePlan,EndDatePlan,ActualStartDate,ActualEndDate,Author,UserMA,Comment,DetailedDescription,CommentContractor,TargInteractions,ResultInteractions,Status,Latitude,Longitude,GPSTime,ContactVisiting,TypesDepartures,Importance,IsTombstone,IsDirty) VALUES (1,'@ref[Document_Event]:c2e83f87-218a-11e6-80e3-005056011152',0,'2016-05-24 11:37:35','1121309  ','','@ref[Catalog_Client]:56087fac-b90f-11e5-80d9-005056011152','','@ref[Enum_TypesEvents]:83c0e4e3-0164-81bf-4804-a18e953859f5',0,0,'2016-05-24 12:00:00','2016-05-24 15:00:00','0001-01-01 00:00:00','0001-01-01 00:00:00','@ref[Catalog_User]:498391b5-b8f5-11e5-80d9-005056011152','@ref[Catalog_User]:56087fb7-b90f-11e5-80d9-005056011152','','','','','','@ref[Enum_StatusyEvents]:8d300e1c-3261-e745-4046-0ae57541898b',0.0,0.0,'0001-01-01 00:00:00','@ref[Catalog_Contacts]:00000000-0000-0000-0000-000000000000','@ref[Catalog_TypesDepartures]:00000000-0000-0000-0000-000000000000','@ref[Enum_StatusImportance]:9deb314e-1bd6-1ee0-4eb2-ac621ba09b74',0,0);
INSERT INTO `_Document_CheckList_Actions` (Id,LineNumber,Ref,Action,Required,IsTombstone,IsDirty) VALUES ('@ref[Document_CheckList_Actions]:50d4aee7-671c-e611-80c3-005056010e44',1,'@ref[Document_CheckList]:13bd18bf-d63d-11e5-80d9-005056011152','@ref[Catalog_Actions]:13bd18bc-d63d-11e5-80d9-005056011152',0,0,0);
INSERT INTO `_Document_CheckList_Actions` (Id,LineNumber,Ref,Action,Required,IsTombstone,IsDirty) VALUES ('@ref[Document_CheckList_Actions]:51d4aee7-671c-e611-80c3-005056010e44',2,'@ref[Document_CheckList]:13bd18bf-d63d-11e5-80d9-005056011152','@ref[Catalog_Actions]:13bd18bd-d63d-11e5-80d9-005056011152',1,0,0);
INSERT INTO `_Document_CheckList_Actions` (Id,LineNumber,Ref,Action,Required,IsTombstone,IsDirty) VALUES ('@ref[Document_CheckList_Actions]:52d4aee7-671c-e611-80c3-005056010e44',3,'@ref[Document_CheckList]:13bd18bf-d63d-11e5-80d9-005056011152','@ref[Catalog_Actions]:13bd18be-d63d-11e5-80d9-005056011152',0,0,0);
INSERT INTO `_Document_CheckList_Actions` (Id,LineNumber,Ref,Action,Required,IsTombstone,IsDirty) VALUES ('@ref[Document_CheckList_Actions]:56d4aee7-671c-e611-80c3-005056010e44',1,'@ref[Document_CheckList]:9e845e0f-df85-11e5-80d9-005056011152','@ref[Catalog_Actions]:13bd18be-d63d-11e5-80d9-005056011152',1,0,0);
INSERT INTO `_Document_CheckList_Actions` (Id,LineNumber,Ref,Action,Required,IsTombstone,IsDirty) VALUES ('@ref[Document_CheckList_Actions]:57d4aee7-671c-e611-80c3-005056010e44',2,'@ref[Document_CheckList]:9e845e0f-df85-11e5-80d9-005056011152','@ref[Catalog_Actions]:9e845e0c-df85-11e5-80d9-005056011152',1,0,0);
INSERT INTO `_Document_CheckList_Actions` (Id,LineNumber,Ref,Action,Required,IsTombstone,IsDirty) VALUES ('@ref[Document_CheckList_Actions]:58d4aee7-671c-e611-80c3-005056010e44',3,'@ref[Document_CheckList]:9e845e0f-df85-11e5-80d9-005056011152','@ref[Catalog_Actions]:9e845e0d-df85-11e5-80d9-005056011152',1,0,0);
INSERT INTO `_Document_CheckList_Actions` (Id,LineNumber,Ref,Action,Required,IsTombstone,IsDirty) VALUES ('@ref[Document_CheckList_Actions]:59d4aee7-671c-e611-80c3-005056010e44',4,'@ref[Document_CheckList]:9e845e0f-df85-11e5-80d9-005056011152','@ref[Catalog_Actions]:9e845e0e-df85-11e5-80d9-005056011152',1,0,0);
INSERT INTO `_Document_CheckList_Actions` (Id,LineNumber,Ref,Action,Required,IsTombstone,IsDirty) VALUES ('@ref[Document_CheckList_Actions]:53d4aee7-671c-e611-80c3-005056010e44',1,'@ref[Document_CheckList]:f2b77ce1-db8b-11e5-80d9-005056011152','@ref[Catalog_Actions]:f2b77cde-db8b-11e5-80d9-005056011152',0,0,0);
INSERT INTO `_Document_CheckList_Actions` (Id,LineNumber,Ref,Action,Required,IsTombstone,IsDirty) VALUES ('@ref[Document_CheckList_Actions]:54d4aee7-671c-e611-80c3-005056010e44',2,'@ref[Document_CheckList]:f2b77ce1-db8b-11e5-80d9-005056011152','@ref[Catalog_Actions]:f2b77cdf-db8b-11e5-80d9-005056011152',0,0,0);
INSERT INTO `_Document_CheckList_Actions` (Id,LineNumber,Ref,Action,Required,IsTombstone,IsDirty) VALUES ('@ref[Document_CheckList_Actions]:55d4aee7-671c-e611-80c3-005056010e44',3,'@ref[Document_CheckList]:f2b77ce1-db8b-11e5-80d9-005056011152','@ref[Catalog_Actions]:f2b77ce0-db8b-11e5-80d9-005056011152',0,0,0);
INSERT INTO `_Document_CheckList_Actions` (Id,LineNumber,Ref,Action,Required,IsTombstone,IsDirty) VALUES ('@ref[Document_CheckList_Actions]:61d4aee7-671c-e611-80c3-005056010e44',2,'@ref[Document_CheckList]:30aff2bf-f015-11e5-80db-005056011152','@ref[Catalog_Actions]:92c94c3d-e113-11e5-80d9-005056011152',1,0,0);
INSERT INTO `_Document_CheckList_Actions` (Id,LineNumber,Ref,Action,Required,IsTombstone,IsDirty) VALUES ('@ref[Document_CheckList_Actions]:62d4aee7-671c-e611-80c3-005056010e44',5,'@ref[Document_CheckList]:30aff2bf-f015-11e5-80db-005056011152','@ref[Catalog_Actions]:92c94c55-e113-11e5-80d9-005056011152',1,0,0);
INSERT INTO `_Document_CheckList_Actions` (Id,LineNumber,Ref,Action,Required,IsTombstone,IsDirty) VALUES ('@ref[Document_CheckList_Actions]:63d4aee7-671c-e611-80c3-005056010e44',1,'@ref[Document_CheckList]:30aff2bf-f015-11e5-80db-005056011152','@ref[Catalog_Actions]:30aff2bb-f015-11e5-80db-005056011152',1,0,0);
INSERT INTO `_Document_CheckList_Actions` (Id,LineNumber,Ref,Action,Required,IsTombstone,IsDirty) VALUES ('@ref[Document_CheckList_Actions]:64d4aee7-671c-e611-80c3-005056010e44',3,'@ref[Document_CheckList]:30aff2bf-f015-11e5-80db-005056011152','@ref[Catalog_Actions]:30aff2bc-f015-11e5-80db-005056011152',1,0,0);
INSERT INTO `_Document_CheckList_Actions` (Id,LineNumber,Ref,Action,Required,IsTombstone,IsDirty) VALUES ('@ref[Document_CheckList_Actions]:65d4aee7-671c-e611-80c3-005056010e44',4,'@ref[Document_CheckList]:30aff2bf-f015-11e5-80db-005056011152','@ref[Catalog_Actions]:30aff2bd-f015-11e5-80db-005056011152',1,0,0);
INSERT INTO `_Document_CheckList_Actions` (Id,LineNumber,Ref,Action,Required,IsTombstone,IsDirty) VALUES ('@ref[Document_CheckList_Actions]:66d4aee7-671c-e611-80c3-005056010e44',6,'@ref[Document_CheckList]:30aff2bf-f015-11e5-80db-005056011152','@ref[Catalog_Actions]:30aff2be-f015-11e5-80db-005056011152',1,0,0);
INSERT INTO `_Document_CheckList_Actions` (Id,LineNumber,Ref,Action,Required,IsTombstone,IsDirty) VALUES ('@ref[Document_CheckList_Actions]:5ad4aee7-671c-e611-80c3-005056010e44',1,'@ref[Document_CheckList]:d61ab36c-f98b-11e5-80e3-005056011152','@ref[Catalog_Actions]:d61ab367-f98b-11e5-80e3-005056011152',0,0,0);
INSERT INTO `_Document_CheckList_Actions` (Id,LineNumber,Ref,Action,Required,IsTombstone,IsDirty) VALUES ('@ref[Document_CheckList_Actions]:5bd4aee7-671c-e611-80c3-005056010e44',2,'@ref[Document_CheckList]:d61ab36c-f98b-11e5-80e3-005056011152','@ref[Catalog_Actions]:d61ab369-f98b-11e5-80e3-005056011152',0,0,0);
INSERT INTO `_Document_CheckList_Actions` (Id,LineNumber,Ref,Action,Required,IsTombstone,IsDirty) VALUES ('@ref[Document_CheckList_Actions]:5cd4aee7-671c-e611-80c3-005056010e44',3,'@ref[Document_CheckList]:d61ab36c-f98b-11e5-80e3-005056011152','@ref[Catalog_Actions]:d61ab36b-f98b-11e5-80e3-005056011152',0,0,0);
INSERT INTO `_Document_CheckList` (Posted,Id,DeletionMark,Date,Number,Description,Project,Status,IsTombstone,IsDirty) VALUES (0,'@ref[Document_CheckList]:13bd18bf-d63d-11e5-80d9-005056011152',0,'2016-02-18 15:49:46','000000001','','','@ref[Enum_CheckListStatus]:ba4d325a-f1b7-072d-4c3e-fd4bf9f33901',0,0);
INSERT INTO `_Document_CheckList` (Posted,Id,DeletionMark,Date,Number,Description,Project,Status,IsTombstone,IsDirty) VALUES (0,'@ref[Document_CheckList]:f2b77ce1-db8b-11e5-80d9-005056011152',0,'2016-02-25 09:51:13','000000002','Замер окон','','@ref[Enum_CheckListStatus]:ab0acbab-556c-7058-4ba9-e4cd72c2958d',0,0);
INSERT INTO `_Document_CheckList` (Posted,Id,DeletionMark,Date,Number,Description,Project,Status,IsTombstone,IsDirty) VALUES (0,'@ref[Document_CheckList]:9e845e0f-df85-11e5-80d9-005056011152',0,'2016-03-03 00:00:00','000000003','Выезд','Indesit','@ref[Enum_CheckListStatus]:ab0acbab-556c-7058-4ba9-e4cd72c2958d',0,0);
INSERT INTO `_Document_CheckList` (Posted,Id,DeletionMark,Date,Number,Description,Project,Status,IsTombstone,IsDirty) VALUES (0,'@ref[Document_CheckList]:d61ab36c-f98b-11e5-80e3-005056011152',0,'2016-04-03 16:00:42','000000009','Оформление паспорта','','@ref[Enum_CheckListStatus]:ba4d325a-f1b7-072d-4c3e-fd4bf9f33901',0,0);
INSERT INTO `_Document_CheckList` (Posted,Id,DeletionMark,Date,Number,Description,Project,Status,IsTombstone,IsDirty) VALUES (0,'@ref[Document_CheckList]:30aff2bf-f015-11e5-80db-005056011152',0,'2016-03-22 00:00:00','000000005','Первичный выезд к клиенту','','@ref[Enum_CheckListStatus]:ab0acbab-556c-7058-4ba9-e4cd72c2958d',0,0);
INSERT INTO `_Catalog_User` (Predefined,Id,DeletionMark,Description,Code,UserName,Password,UserDB,EMail,UserID,Phone,Role,IsTombstone,IsDirty) VALUES (0,'@ref[Catalog_User]:56087fb7-b90f-11e5-80d9-005056011152',0,'Demo','000000003','demo','demo','','demo@demo.ru','e56fb4dd-bd5a-4133-adfd-921e8ddac53b','8-111-222-33-44','SR',0,0);
INSERT INTO `_Catalog_User` (Predefined,Id,DeletionMark,Description,Code,UserName,Password,UserDB,EMail,UserID,Phone,Role,IsTombstone,IsDirty) VALUES (0,'@ref[Catalog_User]:7345d9e8-b878-11e5-80d9-005056011152',0,'anemcov','000000001','anemcov','anemcov','','','33b98276-2772-453f-bf3f-81644e201c13','','Admin',0,0);
INSERT INTO `_Catalog_User` (Predefined,Id,DeletionMark,Description,Code,UserName,Password,UserDB,EMail,UserID,Phone,Role,IsTombstone,IsDirty) VALUES (0,'@ref[Catalog_User]:498391b5-b8f5-11e5-80d9-005056011152',0,'admin','000000002','admin','1','','','5ba43272-2738-43bf-a7b1-84afa9284166','','Admin',0,0);
INSERT INTO `_Catalog_User` (Predefined,Id,DeletionMark,Description,Code,UserName,Password,UserDB,EMail,UserID,Phone,Role,IsTombstone,IsDirty) VALUES (0,'@ref[Catalog_User]:da98befe-ef7b-11e5-80db-005056011152',0,'demo1','000000008','asd','asd','','demo@demo.ru','e0138fb0-f57e-43f1-aa09-a54f63486a7f','0-000-888-11-11','SR',0,0);
INSERT INTO `_Catalog_TypesDepartures` (Predefined,Id,DeletionMark,Description,Code,IsTombstone,IsDirty) VALUES (0,'@ref[Catalog_TypesDepartures]:4a39bf56-d49f-11e5-80d9-005056011152',0,'Техническое обследование','000000001',0,0);
INSERT INTO `_Catalog_TypesDepartures` (Predefined,Id,DeletionMark,Description,Code,IsTombstone,IsDirty) VALUES (0,'@ref[Catalog_TypesDepartures]:4a39bf57-d49f-11e5-80d9-005056011152',0,'Монтаж','000000002',0,0);
INSERT INTO `_Catalog_TypesDepartures` (Predefined,Id,DeletionMark,Description,Code,IsTombstone,IsDirty) VALUES (0,'@ref[Catalog_TypesDepartures]:4a39bf58-d49f-11e5-80d9-005056011152',0,'Ремонт','000000003',0,0);
INSERT INTO `_Catalog_TypesDepartures` (Predefined,Id,DeletionMark,Description,Code,IsTombstone,IsDirty) VALUES (0,'@ref[Catalog_TypesDepartures]:6245a741-0703-11e6-80e3-005056011152',0,'Демонтаж','000000004',0,0);
INSERT INTO `_Catalog_TypesDepartures` (Predefined,Id,DeletionMark,Description,Code,IsTombstone,IsDirty) VALUES (0,'@ref[Catalog_TypesDepartures]:08f5239c-1214-11e6-80e3-005056011152',0,'Servis','000000005',0,0);
INSERT INTO `_Catalog_TypesDepartures` (Predefined,Id,DeletionMark,Description,Code,IsTombstone,IsDirty) VALUES (0,'@ref[Catalog_TypesDepartures]:08f5239d-1214-11e6-80e3-005056011152',0,'Kontrola','000000006',0,0);
INSERT INTO `_Catalog_SettingMobileApplication` (Predefined,Id,DeletionMark,Description,Code,DataType,LogicValue,NumericValue,IsTombstone,IsDirty) VALUES (1,'@ref[Catalog_SettingMobileApplication]:4a39bf60-d49f-11e5-80d9-005056011152',0,'AllowGalery','000000003','@ref[Enum_TypesDataParameters]:00000000-0000-0000-0000-000000000000',1,0,0,0);
INSERT INTO `_Catalog_SettingMobileApplication` (Predefined,Id,DeletionMark,Description,Code,DataType,LogicValue,NumericValue,IsTombstone,IsDirty) VALUES (1,'@ref[Catalog_SettingMobileApplication]:4a39bf61-d49f-11e5-80d9-005056011152',0,'HistoryLength','000000005','@ref[Enum_TypesDataParameters]:00000000-0000-0000-0000-000000000000',1,90,0,0);
INSERT INTO `_Catalog_SettingMobileApplication` (Predefined,Id,DeletionMark,Description,Code,DataType,LogicValue,NumericValue,IsTombstone,IsDirty) VALUES (1,'@ref[Catalog_SettingMobileApplication]:4a39bf62-d49f-11e5-80d9-005056011152',0,'PictureSize','000000002','@ref[Enum_TypesDataParameters]:00000000-0000-0000-0000-000000000000',0,500,0,0);
INSERT INTO `_Catalog_SettingMobileApplication` (Predefined,Id,DeletionMark,Description,Code,DataType,LogicValue,NumericValue,IsTombstone,IsDirty) VALUES (1,'@ref[Catalog_SettingMobileApplication]:4a39bf63-d49f-11e5-80d9-005056011152',0,'UsedCheckLists','000000004','@ref[Enum_TypesDataParameters]:00000000-0000-0000-0000-000000000000',1,0,0,0);
INSERT INTO `_Catalog_SettingMobileApplication` (Predefined,Id,DeletionMark,Description,Code,DataType,LogicValue,NumericValue,IsTombstone,IsDirty) VALUES (1,'@ref[Catalog_SettingMobileApplication]:4a39bf64-d49f-11e5-80d9-005056011152',0,'UsedEquipment','000000001','@ref[Enum_TypesDataParameters]:00000000-0000-0000-0000-000000000000',1,0,0,0);
INSERT INTO `_Catalog_SettingMobileApplication` (Predefined,Id,DeletionMark,Description,Code,DataType,LogicValue,NumericValue,IsTombstone,IsDirty) VALUES (1,'@ref[Catalog_SettingMobileApplication]:75f3489d-e60a-11e5-80d9-005056011152',0,'EditPlanService','000000009','@ref[Enum_TypesDataParameters]:00000000-0000-0000-0000-000000000000',1,0,0,0);
INSERT INTO `_Catalog_SettingMobileApplication` (Predefined,Id,DeletionMark,Description,Code,DataType,LogicValue,NumericValue,IsTombstone,IsDirty) VALUES (1,'@ref[Catalog_SettingMobileApplication]:75f3489e-e60a-11e5-80d9-005056011152',0,'AddUnPlanMaterials','000000012','@ref[Enum_TypesDataParameters]:00000000-0000-0000-0000-000000000000',1,0,0,0);
INSERT INTO `_Catalog_SettingMobileApplication` (Predefined,Id,DeletionMark,Description,Code,DataType,LogicValue,NumericValue,IsTombstone,IsDirty) VALUES (1,'@ref[Catalog_SettingMobileApplication]:75f3489f-e60a-11e5-80d9-005056011152',0,'EditPlanMaterials','000000010','@ref[Enum_TypesDataParameters]:00000000-0000-0000-0000-000000000000',1,0,0,0);
INSERT INTO `_Catalog_SettingMobileApplication` (Predefined,Id,DeletionMark,Description,Code,DataType,LogicValue,NumericValue,IsTombstone,IsDirty) VALUES (1,'@ref[Catalog_SettingMobileApplication]:75f348a0-e60a-11e5-80d9-005056011152',0,'UsedGpsFix','000000008','@ref[Enum_TypesDataParameters]:00000000-0000-0000-0000-000000000000',1,0,0,0);
INSERT INTO `_Catalog_SettingMobileApplication` (Predefined,Id,DeletionMark,Description,Code,DataType,LogicValue,NumericValue,IsTombstone,IsDirty) VALUES (1,'@ref[Catalog_SettingMobileApplication]:75f348a1-e60a-11e5-80d9-005056011152',0,'UsedCalculateService','000000006','@ref[Enum_TypesDataParameters]:00000000-0000-0000-0000-000000000000',1,0,0,0);
INSERT INTO `_Catalog_SettingMobileApplication` (Predefined,Id,DeletionMark,Description,Code,DataType,LogicValue,NumericValue,IsTombstone,IsDirty) VALUES (1,'@ref[Catalog_SettingMobileApplication]:75f348a2-e60a-11e5-80d9-005056011152',0,'AddUnPlanService','000000011','@ref[Enum_TypesDataParameters]:00000000-0000-0000-0000-000000000000',1,0,0,0);
INSERT INTO `_Catalog_SettingMobileApplication` (Predefined,Id,DeletionMark,Description,Code,DataType,LogicValue,NumericValue,IsTombstone,IsDirty) VALUES (1,'@ref[Catalog_SettingMobileApplication]:75f348a3-e60a-11e5-80d9-005056011152',0,'UsedCalculate','000000013','@ref[Enum_TypesDataParameters]:00000000-0000-0000-0000-000000000000',1,0,0,0);
INSERT INTO `_Catalog_SettingMobileApplication` (Predefined,Id,DeletionMark,Description,Code,DataType,LogicValue,NumericValue,IsTombstone,IsDirty) VALUES (1,'@ref[Catalog_SettingMobileApplication]:75f348a4-e60a-11e5-80d9-005056011152',0,'UsedCalculateMaterials','000000007','@ref[Enum_TypesDataParameters]:00000000-0000-0000-0000-000000000000',1,0,0,0);
INSERT INTO `_Catalog_SettingMobileApplication` (Predefined,Id,DeletionMark,Description,Code,DataType,LogicValue,NumericValue,IsTombstone,IsDirty) VALUES (1,'@ref[Catalog_SettingMobileApplication]:9c0d9f88-1c65-11e6-80e3-005056011152',0,'UsedServiceBag','000000014','@ref[Enum_TypesDataParameters]:00000000-0000-0000-0000-000000000000',1,0,0,0);
INSERT INTO `_Catalog_RIM` (Predefined,Id,DeletionMark,IsFolder,Parent,Description,Code,Price,Service,SKU,Unit,IsTombstone,IsDirty) VALUES (0,'@ref[Catalog_RIM]:d61ab35f-f98b-11e5-80e3-005056011152',0,0,'@ref[Catalog_RIM]:00000000-0000-0000-0000-000000000000','Прокладка кабель-канала','000000015',35.0,1,'@ref[Catalog_SKU]:00000000-0000-0000-0000-000000000000','час',0,0);
INSERT INTO `_Catalog_RIM` (Predefined,Id,DeletionMark,IsFolder,Parent,Description,Code,Price,Service,SKU,Unit,IsTombstone,IsDirty) VALUES (0,'@ref[Catalog_RIM]:b5c96674-e6a4-11e5-80d9-005056011152',0,0,'@ref[Catalog_RIM]:00000000-0000-0000-0000-000000000000','Прокладка кабеля','000000002',40.0,1,'@ref[Catalog_SKU]:00000000-0000-0000-0000-000000000000','м.',0,0);
INSERT INTO `_Catalog_RIM` (Predefined,Id,DeletionMark,IsFolder,Parent,Description,Code,Price,Service,SKU,Unit,IsTombstone,IsDirty) VALUES (0,'@ref[Catalog_RIM]:b5c96675-e6a4-11e5-80d9-005056011152',1,0,'@ref[Catalog_RIM]:00000000-0000-0000-0000-000000000000','Роутер','000000003',2500.0,0,'@ref[Catalog_SKU]:00000000-0000-0000-0000-000000000000','шт.',0,0);
INSERT INTO `_Catalog_RIM` (Predefined,Id,DeletionMark,IsFolder,Parent,Description,Code,Price,Service,SKU,Unit,IsTombstone,IsDirty) VALUES (0,'@ref[Catalog_RIM]:b5c96676-e6a4-11e5-80d9-005056011152',0,0,'@ref[Catalog_RIM]:00000000-0000-0000-0000-000000000000','Кабель','000000004',30.0,0,'@ref[Catalog_SKU]:00000000-0000-0000-0000-000000000000','м.',0,0);
INSERT INTO `_Catalog_RIM` (Predefined,Id,DeletionMark,IsFolder,Parent,Description,Code,Price,Service,SKU,Unit,IsTombstone,IsDirty) VALUES (0,'@ref[Catalog_RIM]:d61ab360-f98b-11e5-80e3-005056011152',0,0,'@ref[Catalog_RIM]:00000000-0000-0000-0000-000000000000','Прокладка кабеля','000000016',40.0,1,'@ref[Catalog_SKU]:00000000-0000-0000-0000-000000000000','час',0,0);
INSERT INTO `_Catalog_RIM` (Predefined,Id,DeletionMark,IsFolder,Parent,Description,Code,Price,Service,SKU,Unit,IsTombstone,IsDirty) VALUES (0,'@ref[Catalog_RIM]:22f14b98-f908-11e5-80e3-005056011152',0,1,'@ref[Catalog_RIM]:00000000-0000-0000-0000-000000000000','Кабель','000000013',0.0,0,'@ref[Catalog_SKU]:00000000-0000-0000-0000-000000000000','',0,0);
INSERT INTO `_Catalog_RIM` (Predefined,Id,DeletionMark,IsFolder,Parent,Description,Code,Price,Service,SKU,Unit,IsTombstone,IsDirty) VALUES (0,'@ref[Catalog_RIM]:30aff2b7-f015-11e5-80db-005056011152',1,0,'@ref[Catalog_RIM]:00000000-0000-0000-0000-000000000000','Хамут','000000007',10.0,0,'@ref[Catalog_SKU]:00000000-0000-0000-0000-000000000000','',0,0);
INSERT INTO `_Catalog_RIM` (Predefined,Id,DeletionMark,IsFolder,Parent,Description,Code,Price,Service,SKU,Unit,IsTombstone,IsDirty) VALUES (0,'@ref[Catalog_RIM]:3722ca02-f0d5-11e5-80db-005056011152',1,0,'@ref[Catalog_RIM]:00000000-0000-0000-0000-000000000000','Перчатки одноразовые','000000008',0.0,0,'@ref[Catalog_SKU]:00000000-0000-0000-0000-000000000000','шт.',0,0);
INSERT INTO `_Catalog_RIM` (Predefined,Id,DeletionMark,IsFolder,Parent,Description,Code,Price,Service,SKU,Unit,IsTombstone,IsDirty) VALUES (0,'@ref[Catalog_RIM]:3722ca07-f0d5-11e5-80db-005056011152',1,0,'@ref[Catalog_RIM]:00000000-0000-0000-0000-000000000000','мотор','000000009',1500.0,0,'@ref[Catalog_SKU]:00000000-0000-0000-0000-000000000000','',0,0);
INSERT INTO `_Catalog_RIM` (Predefined,Id,DeletionMark,IsFolder,Parent,Description,Code,Price,Service,SKU,Unit,IsTombstone,IsDirty) VALUES (0,'@ref[Catalog_RIM]:22f14b99-f908-11e5-80e3-005056011152',0,0,'@ref[Catalog_RIM]:22f14b98-f908-11e5-80e3-005056011152','UTP 6е','000000014',30.0,0,'@ref[Catalog_SKU]:00000000-0000-0000-0000-000000000000','м',0,0);
INSERT INTO `_Catalog_RIM` (Predefined,Id,DeletionMark,IsFolder,Parent,Description,Code,Price,Service,SKU,Unit,IsTombstone,IsDirty) VALUES (0,'@ref[Catalog_RIM]:3c4d425f-f4ca-11e5-80db-005056011152',1,0,'@ref[Catalog_RIM]:00000000-0000-0000-0000-000000000000','Lenovo-123','000000011',23456.0,0,'@ref[Catalog_SKU]:00000000-0000-0000-0000-000000000000','шт.',0,0);
INSERT INTO `_Catalog_RIM` (Predefined,Id,DeletionMark,IsFolder,Parent,Description,Code,Price,Service,SKU,Unit,IsTombstone,IsDirty) VALUES (0,'@ref[Catalog_RIM]:3c4d4261-f4ca-11e5-80db-005056011152',1,0,'@ref[Catalog_RIM]:00000000-0000-0000-0000-000000000000','Розы красные','000000012',600.0,0,'@ref[Catalog_SKU]:00000000-0000-0000-0000-000000000000','шт.',0,0);
INSERT INTO `_Catalog_RIM` (Predefined,Id,DeletionMark,IsFolder,Parent,Description,Code,Price,Service,SKU,Unit,IsTombstone,IsDirty) VALUES (0,'@ref[Catalog_RIM]:d61ab361-f98b-11e5-80e3-005056011152',0,0,'@ref[Catalog_RIM]:00000000-0000-0000-0000-000000000000','Ремонт счетчика','000000017',500.0,1,'@ref[Catalog_SKU]:00000000-0000-0000-0000-000000000000','шт',0,0);
INSERT INTO `_Catalog_RIM` (Predefined,Id,DeletionMark,IsFolder,Parent,Description,Code,Price,Service,SKU,Unit,IsTombstone,IsDirty) VALUES (0,'@ref[Catalog_RIM]:d61ab362-f98b-11e5-80e3-005056011152',0,0,'@ref[Catalog_RIM]:00000000-0000-0000-0000-000000000000','Заливка фриона','000000018',150.0,1,'@ref[Catalog_SKU]:00000000-0000-0000-0000-000000000000','час',0,0);
INSERT INTO `_Catalog_RIM` (Predefined,Id,DeletionMark,IsFolder,Parent,Description,Code,Price,Service,SKU,Unit,IsTombstone,IsDirty) VALUES (0,'@ref[Catalog_RIM]:d61ab363-f98b-11e5-80e3-005056011152',0,0,'@ref[Catalog_RIM]:00000000-0000-0000-0000-000000000000','Крепеж','000000019',1.0,0,'@ref[Catalog_SKU]:00000000-0000-0000-0000-000000000000','шт',0,0);
INSERT INTO `_Catalog_RIM` (Predefined,Id,DeletionMark,IsFolder,Parent,Description,Code,Price,Service,SKU,Unit,IsTombstone,IsDirty) VALUES (0,'@ref[Catalog_RIM]:d61ab364-f98b-11e5-80e3-005056011152',0,0,'@ref[Catalog_RIM]:00000000-0000-0000-0000-000000000000','Розетка','000000020',50.0,0,'@ref[Catalog_SKU]:00000000-0000-0000-0000-000000000000','шт',0,0);
INSERT INTO `_Catalog_RIM` (Predefined,Id,DeletionMark,IsFolder,Parent,Description,Code,Price,Service,SKU,Unit,IsTombstone,IsDirty) VALUES (0,'@ref[Catalog_RIM]:d61ab365-f98b-11e5-80e3-005056011152',0,0,'@ref[Catalog_RIM]:00000000-0000-0000-0000-000000000000','Жгут','000000021',2.0,0,'@ref[Catalog_SKU]:00000000-0000-0000-0000-000000000000','шт',0,0);
INSERT INTO `_Catalog_RIM` (Predefined,Id,DeletionMark,IsFolder,Parent,Description,Code,Price,Service,SKU,Unit,IsTombstone,IsDirty) VALUES (0,'@ref[Catalog_RIM]:422820aa-fff9-11e5-80e3-005056011152',0,1,'@ref[Catalog_RIM]:00000000-0000-0000-0000-000000000000','Тарифные планы','000000022',0.0,0,'@ref[Catalog_SKU]:00000000-0000-0000-0000-000000000000','',0,0);
INSERT INTO `_Catalog_RIM` (Predefined,Id,DeletionMark,IsFolder,Parent,Description,Code,Price,Service,SKU,Unit,IsTombstone,IsDirty) VALUES (0,'@ref[Catalog_RIM]:422820ab-fff9-11e5-80e3-005056011152',0,0,'@ref[Catalog_RIM]:422820aa-fff9-11e5-80e3-005056011152','Тариф 1','000000023',300.0,1,'@ref[Catalog_SKU]:00000000-0000-0000-0000-000000000000','шт',0,0);
INSERT INTO `_Catalog_RIM` (Predefined,Id,DeletionMark,IsFolder,Parent,Description,Code,Price,Service,SKU,Unit,IsTombstone,IsDirty) VALUES (0,'@ref[Catalog_RIM]:422820ac-fff9-11e5-80e3-005056011152',0,0,'@ref[Catalog_RIM]:422820aa-fff9-11e5-80e3-005056011152','Тариф 2','000000024',500.0,1,'@ref[Catalog_SKU]:00000000-0000-0000-0000-000000000000','шт',0,0);
INSERT INTO `_Catalog_RIM` (Predefined,Id,DeletionMark,IsFolder,Parent,Description,Code,Price,Service,SKU,Unit,IsTombstone,IsDirty) VALUES (0,'@ref[Catalog_RIM]:9e69fc09-0074-11e6-80e3-005056011152',0,0,'@ref[Catalog_RIM]:00000000-0000-0000-0000-000000000000','Тнтернет','000000025',1000.0,1,'@ref[Catalog_SKU]:00000000-0000-0000-0000-000000000000','шт',0,0);
INSERT INTO `_Catalog_RIM` (Predefined,Id,DeletionMark,IsFolder,Parent,Description,Code,Price,Service,SKU,Unit,IsTombstone,IsDirty) VALUES (0,'@ref[Catalog_RIM]:9e69fc0a-0074-11e6-80e3-005056011152',0,0,'@ref[Catalog_RIM]:00000000-0000-0000-0000-000000000000','Роутер','000000026',1500.0,0,'@ref[Catalog_SKU]:00000000-0000-0000-0000-000000000000','шт',0,0);
INSERT INTO `_Catalog_RIM` (Predefined,Id,DeletionMark,IsFolder,Parent,Description,Code,Price,Service,SKU,Unit,IsTombstone,IsDirty) VALUES (0,'@ref[Catalog_RIM]:744ab533-053f-11e6-80e3-005056011152',0,1,'@ref[Catalog_RIM]:00000000-0000-0000-0000-000000000000','Флористика','000000027',0.0,0,'@ref[Catalog_SKU]:00000000-0000-0000-0000-000000000000','',0,0);
INSERT INTO `_Catalog_RIM` (Predefined,Id,DeletionMark,IsFolder,Parent,Description,Code,Price,Service,SKU,Unit,IsTombstone,IsDirty) VALUES (0,'@ref[Catalog_RIM]:744ab534-053f-11e6-80e3-005056011152',0,0,'@ref[Catalog_RIM]:744ab533-053f-11e6-80e3-005056011152','Создание водоема','000000028',5000.0,0,'@ref[Catalog_SKU]:00000000-0000-0000-0000-000000000000','',0,0);
INSERT INTO `_Catalog_RIM` (Predefined,Id,DeletionMark,IsFolder,Parent,Description,Code,Price,Service,SKU,Unit,IsTombstone,IsDirty) VALUES (0,'@ref[Catalog_RIM]:744ab535-053f-11e6-80e3-005056011152',0,0,'@ref[Catalog_RIM]:744ab533-053f-11e6-80e3-005056011152','Посадка елей','000000029',1100.0,0,'@ref[Catalog_SKU]:00000000-0000-0000-0000-000000000000','шт.',0,0);
INSERT INTO `_Catalog_RIM` (Predefined,Id,DeletionMark,IsFolder,Parent,Description,Code,Price,Service,SKU,Unit,IsTombstone,IsDirty) VALUES (0,'@ref[Catalog_RIM]:c90b055b-05fc-11e6-80e3-005056011152',0,0,'@ref[Catalog_RIM]:00000000-0000-0000-0000-000000000000','Очистка оборудования','000000030',800.0,1,'@ref[Catalog_SKU]:00000000-0000-0000-0000-000000000000','',0,0);
INSERT INTO `_Catalog_RIM` (Predefined,Id,DeletionMark,IsFolder,Parent,Description,Code,Price,Service,SKU,Unit,IsTombstone,IsDirty) VALUES (0,'@ref[Catalog_RIM]:6245a73c-0703-11e6-80e3-005056011152',0,1,'@ref[Catalog_RIM]:00000000-0000-0000-0000-000000000000','Дополнительные услуги','000000031',0.0,0,'@ref[Catalog_SKU]:00000000-0000-0000-0000-000000000000','',0,0);
INSERT INTO `_Catalog_RIM` (Predefined,Id,DeletionMark,IsFolder,Parent,Description,Code,Price,Service,SKU,Unit,IsTombstone,IsDirty) VALUES (0,'@ref[Catalog_RIM]:6245a73d-0703-11e6-80e3-005056011152',0,1,'@ref[Catalog_RIM]:6245a73c-0703-11e6-80e3-005056011152','Продажа ВПР','000000032',0.0,0,'@ref[Catalog_SKU]:00000000-0000-0000-0000-000000000000','',0,0);
INSERT INTO `_Catalog_RIM` (Predefined,Id,DeletionMark,IsFolder,Parent,Description,Code,Price,Service,SKU,Unit,IsTombstone,IsDirty) VALUES (0,'@ref[Catalog_RIM]:6245a73e-0703-11e6-80e3-005056011152',0,0,'@ref[Catalog_RIM]:6245a73c-0703-11e6-80e3-005056011152','Продажа ВПК','000000033',0.0,1,'@ref[Catalog_SKU]:00000000-0000-0000-0000-000000000000','шт',0,0);
INSERT INTO `_Catalog_RIM` (Predefined,Id,DeletionMark,IsFolder,Parent,Description,Code,Price,Service,SKU,Unit,IsTombstone,IsDirty) VALUES (0,'@ref[Catalog_RIM]:6245a73f-0703-11e6-80e3-005056011152',0,0,'@ref[Catalog_RIM]:6245a73c-0703-11e6-80e3-005056011152','продажа ВПК-1','000000034',0.0,1,'@ref[Catalog_SKU]:00000000-0000-0000-0000-000000000000','шт',0,0);
INSERT INTO `_Catalog_RIM` (Predefined,Id,DeletionMark,IsFolder,Parent,Description,Code,Price,Service,SKU,Unit,IsTombstone,IsDirty) VALUES (0,'@ref[Catalog_RIM]:6245a740-0703-11e6-80e3-005056011152',0,0,'@ref[Catalog_RIM]:6245a73c-0703-11e6-80e3-005056011152','продажа ВПК-2','000000035',0.0,1,'@ref[Catalog_SKU]:00000000-0000-0000-0000-000000000000','шт',0,0);
INSERT INTO `_Catalog_RIM` (Predefined,Id,DeletionMark,IsFolder,Parent,Description,Code,Price,Service,SKU,Unit,IsTombstone,IsDirty) VALUES (0,'@ref[Catalog_RIM]:6245a746-0703-11e6-80e3-005056011152',0,1,'@ref[Catalog_RIM]:6245a73c-0703-11e6-80e3-005056011152','12345','000000036',0.0,0,'@ref[Catalog_SKU]:00000000-0000-0000-0000-000000000000','',0,0);
INSERT INTO `_Catalog_RIM` (Predefined,Id,DeletionMark,IsFolder,Parent,Description,Code,Price,Service,SKU,Unit,IsTombstone,IsDirty) VALUES (0,'@ref[Catalog_RIM]:6245a747-0703-11e6-80e3-005056011152',0,0,'@ref[Catalog_RIM]:6245a73c-0703-11e6-80e3-005056011152','1','000000037',0.0,1,'@ref[Catalog_SKU]:00000000-0000-0000-0000-000000000000','шт',0,0);
INSERT INTO `_Catalog_RIM` (Predefined,Id,DeletionMark,IsFolder,Parent,Description,Code,Price,Service,SKU,Unit,IsTombstone,IsDirty) VALUES (0,'@ref[Catalog_RIM]:6245a748-0703-11e6-80e3-005056011152',0,0,'@ref[Catalog_RIM]:6245a746-0703-11e6-80e3-005056011152','1','000000038',0.0,1,'@ref[Catalog_SKU]:00000000-0000-0000-0000-000000000000','шт',0,0);
INSERT INTO `_Catalog_RIM` (Predefined,Id,DeletionMark,IsFolder,Parent,Description,Code,Price,Service,SKU,Unit,IsTombstone,IsDirty) VALUES (0,'@ref[Catalog_RIM]:1b5d91d5-14f7-11e6-80e3-005056011152',0,0,'@ref[Catalog_RIM]:00000000-0000-0000-0000-000000000000','Срочный вызов врача','000000039',2000.0,1,'@ref[Catalog_SKU]:00000000-0000-0000-0000-000000000000','шт',0,0);
INSERT INTO `_Catalog_RIM` (Predefined,Id,DeletionMark,IsFolder,Parent,Description,Code,Price,Service,SKU,Unit,IsTombstone,IsDirty) VALUES (0,'@ref[Catalog_RIM]:1b5d91d6-14f7-11e6-80e3-005056011152',0,1,'@ref[Catalog_RIM]:00000000-0000-0000-0000-000000000000','Терапевт на дом','000000040',0.0,0,'@ref[Catalog_SKU]:00000000-0000-0000-0000-000000000000','',0,0);
INSERT INTO `_Catalog_RIM` (Predefined,Id,DeletionMark,IsFolder,Parent,Description,Code,Price,Service,SKU,Unit,IsTombstone,IsDirty) VALUES (0,'@ref[Catalog_RIM]:1b5d91d7-14f7-11e6-80e3-005056011152',0,0,'@ref[Catalog_RIM]:1b5d91d6-14f7-11e6-80e3-005056011152','первичный вызов терапевта','000000041',2500.0,1,'@ref[Catalog_SKU]:00000000-0000-0000-0000-000000000000','шт',0,0);
INSERT INTO `_Catalog_RIM` (Predefined,Id,DeletionMark,IsFolder,Parent,Description,Code,Price,Service,SKU,Unit,IsTombstone,IsDirty) VALUES (0,'@ref[Catalog_RIM]:1b5d91d8-14f7-11e6-80e3-005056011152',0,0,'@ref[Catalog_RIM]:1b5d91d6-14f7-11e6-80e3-005056011152','повторный выез терапевта','000000042',2000.0,1,'@ref[Catalog_SKU]:00000000-0000-0000-0000-000000000000','шт',0,0);
INSERT INTO `_Catalog_RIM` (Predefined,Id,DeletionMark,IsFolder,Parent,Description,Code,Price,Service,SKU,Unit,IsTombstone,IsDirty) VALUES (0,'@ref[Catalog_RIM]:1b5d91d9-14f7-11e6-80e3-005056011152',0,0,'@ref[Catalog_RIM]:1b5d91d6-14f7-11e6-80e3-005056011152','личный врач на 3 месяца','000000043',10000.0,1,'@ref[Catalog_SKU]:00000000-0000-0000-0000-000000000000','шт',0,0);
INSERT INTO `_Catalog_RIM` (Predefined,Id,DeletionMark,IsFolder,Parent,Description,Code,Price,Service,SKU,Unit,IsTombstone,IsDirty) VALUES (0,'@ref[Catalog_RIM]:1b5d91da-14f7-11e6-80e3-005056011152',0,1,'@ref[Catalog_RIM]:00000000-0000-0000-0000-000000000000','Ведение беременности','000000044',0.0,0,'@ref[Catalog_SKU]:00000000-0000-0000-0000-000000000000','',0,0);
INSERT INTO `_Catalog_RIM` (Predefined,Id,DeletionMark,IsFolder,Parent,Description,Code,Price,Service,SKU,Unit,IsTombstone,IsDirty) VALUES (0,'@ref[Catalog_RIM]:1b5d91db-14f7-11e6-80e3-005056011152',0,0,'@ref[Catalog_RIM]:00000000-0000-0000-0000-000000000000','осмотр','000000045',2000.0,1,'@ref[Catalog_SKU]:00000000-0000-0000-0000-000000000000','шт',0,0);
INSERT INTO `_Catalog_RIM` (Predefined,Id,DeletionMark,IsFolder,Parent,Description,Code,Price,Service,SKU,Unit,IsTombstone,IsDirty) VALUES (0,'@ref[Catalog_RIM]:1b5d91dc-14f7-11e6-80e3-005056011152',0,0,'@ref[Catalog_RIM]:1b5d91da-14f7-11e6-80e3-005056011152','плановый осмотр','000000046',2000.0,1,'@ref[Catalog_SKU]:00000000-0000-0000-0000-000000000000','шт',0,0);
INSERT INTO `_Catalog_RIM` (Predefined,Id,DeletionMark,IsFolder,Parent,Description,Code,Price,Service,SKU,Unit,IsTombstone,IsDirty) VALUES (0,'@ref[Catalog_RIM]:1b5d91dd-14f7-11e6-80e3-005056011152',0,0,'@ref[Catalog_RIM]:1b5d91da-14f7-11e6-80e3-005056011152','забор анализов','000000047',800.0,1,'@ref[Catalog_SKU]:00000000-0000-0000-0000-000000000000','шт',0,0);
INSERT INTO `_Catalog_RIM` (Predefined,Id,DeletionMark,IsFolder,Parent,Description,Code,Price,Service,SKU,Unit,IsTombstone,IsDirty) VALUES (0,'@ref[Catalog_RIM]:1b5d91de-14f7-11e6-80e3-005056011152',0,0,'@ref[Catalog_RIM]:1b5d91da-14f7-11e6-80e3-005056011152','УЗИ','000000048',5000.0,1,'@ref[Catalog_SKU]:00000000-0000-0000-0000-000000000000','шт',0,0);
INSERT INTO `_Catalog_RIM` (Predefined,Id,DeletionMark,IsFolder,Parent,Description,Code,Price,Service,SKU,Unit,IsTombstone,IsDirty) VALUES (0,'@ref[Catalog_RIM]:1b5d91df-14f7-11e6-80e3-005056011152',0,1,'@ref[Catalog_RIM]:00000000-0000-0000-0000-000000000000','Педиатрия','000000049',0.0,0,'@ref[Catalog_SKU]:00000000-0000-0000-0000-000000000000','',0,0);
INSERT INTO `_Catalog_RIM` (Predefined,Id,DeletionMark,IsFolder,Parent,Description,Code,Price,Service,SKU,Unit,IsTombstone,IsDirty) VALUES (0,'@ref[Catalog_RIM]:1b5d91e0-14f7-11e6-80e3-005056011152',0,0,'@ref[Catalog_RIM]:1b5d91df-14f7-11e6-80e3-005056011152','Первичный вызов','000000050',2000.0,1,'@ref[Catalog_SKU]:00000000-0000-0000-0000-000000000000','шт',0,0);
INSERT INTO `_Catalog_RIM` (Predefined,Id,DeletionMark,IsFolder,Parent,Description,Code,Price,Service,SKU,Unit,IsTombstone,IsDirty) VALUES (0,'@ref[Catalog_RIM]:1b5d91e1-14f7-11e6-80e3-005056011152',0,0,'@ref[Catalog_RIM]:1b5d91df-14f7-11e6-80e3-005056011152','Повторный выезд','000000051',1800.0,1,'@ref[Catalog_SKU]:00000000-0000-0000-0000-000000000000','шт',0,0);
INSERT INTO `_Catalog_RIM` (Predefined,Id,DeletionMark,IsFolder,Parent,Description,Code,Price,Service,SKU,Unit,IsTombstone,IsDirty) VALUES (0,'@ref[Catalog_RIM]:1b5d91e2-14f7-11e6-80e3-005056011152',0,0,'@ref[Catalog_RIM]:1b5d91df-14f7-11e6-80e3-005056011152','Педиатр на 3 месяца','000000052',8000.0,1,'@ref[Catalog_SKU]:00000000-0000-0000-0000-000000000000','шт',0,0);
INSERT INTO `_Catalog_RIM` (Predefined,Id,DeletionMark,IsFolder,Parent,Description,Code,Price,Service,SKU,Unit,IsTombstone,IsDirty) VALUES (0,'@ref[Catalog_RIM]:1b5d91e3-14f7-11e6-80e3-005056011152',0,1,'@ref[Catalog_RIM]:00000000-0000-0000-0000-000000000000','Медсестра на дом ','000000053',0.0,0,'@ref[Catalog_SKU]:00000000-0000-0000-0000-000000000000','',0,0);
INSERT INTO `_Catalog_RIM` (Predefined,Id,DeletionMark,IsFolder,Parent,Description,Code,Price,Service,SKU,Unit,IsTombstone,IsDirty) VALUES (0,'@ref[Catalog_RIM]:1b5d91e4-14f7-11e6-80e3-005056011152',0,0,'@ref[Catalog_RIM]:1b5d91e3-14f7-11e6-80e3-005056011152','Капельница','000000054',800.0,1,'@ref[Catalog_SKU]:00000000-0000-0000-0000-000000000000','шт',0,0);
INSERT INTO `_Catalog_RIM` (Predefined,Id,DeletionMark,IsFolder,Parent,Description,Code,Price,Service,SKU,Unit,IsTombstone,IsDirty) VALUES (0,'@ref[Catalog_RIM]:1b5d91e5-14f7-11e6-80e3-005056011152',0,0,'@ref[Catalog_RIM]:00000000-0000-0000-0000-000000000000','Семейный вызов врача','000000055',3000.0,1,'@ref[Catalog_SKU]:00000000-0000-0000-0000-000000000000','шт',0,0);
INSERT INTO `_Catalog_RIM` (Predefined,Id,DeletionMark,IsFolder,Parent,Description,Code,Price,Service,SKU,Unit,IsTombstone,IsDirty) VALUES (0,'@ref[Catalog_RIM]:2d38c034-174b-11e6-80e3-005056011152',0,0,'@ref[Catalog_RIM]:00000000-0000-0000-0000-000000000000','Монтаж','000000056',0.0,1,'@ref[Catalog_SKU]:00000000-0000-0000-0000-000000000000','',0,0);
INSERT INTO `_Catalog_EventOptions_ListValues` (Id,LineNumber,Ref,Val,IsTombstone,IsDirty) VALUES ('@ref[Catalog_EventOptions_ListValues]:38d4aee7-671c-e611-80c3-005056010e44',1,'@ref[Catalog_EventOptions]:f249e6e0-ee0a-11e5-80db-005056011152','',0,0);
INSERT INTO `_Catalog_EventOptions_ListValues` (Id,LineNumber,Ref,Val,IsTombstone,IsDirty) VALUES ('@ref[Catalog_EventOptions_ListValues]:39d4aee7-671c-e611-80c3-005056010e44',1,'@ref[Catalog_EventOptions]:d61ab352-f98b-11e5-80e3-005056011152','Паспорт',0,0);
INSERT INTO `_Catalog_EventOptions_ListValues` (Id,LineNumber,Ref,Val,IsTombstone,IsDirty) VALUES ('@ref[Catalog_EventOptions_ListValues]:3ad4aee7-671c-e611-80c3-005056010e44',3,'@ref[Catalog_EventOptions]:d61ab352-f98b-11e5-80e3-005056011152','Поверка',0,0);
INSERT INTO `_Catalog_EventOptions_ListValues` (Id,LineNumber,Ref,Val,IsTombstone,IsDirty) VALUES ('@ref[Catalog_EventOptions_ListValues]:3bd4aee7-671c-e611-80c3-005056010e44',2,'@ref[Catalog_EventOptions]:d61ab352-f98b-11e5-80e3-005056011152','Страховка',0,0);
INSERT INTO `_Catalog_EventOptions_ListValues` (Id,LineNumber,Ref,Val,IsTombstone,IsDirty) VALUES ('@ref[Catalog_EventOptions_ListValues]:3cd4aee7-671c-e611-80c3-005056010e44',1,'@ref[Catalog_EventOptions]:d61ab353-f98b-11e5-80e3-005056011152','Паспорт',0,0);
INSERT INTO `_Catalog_EventOptions_ListValues` (Id,LineNumber,Ref,Val,IsTombstone,IsDirty) VALUES ('@ref[Catalog_EventOptions_ListValues]:3dd4aee7-671c-e611-80c3-005056010e44',3,'@ref[Catalog_EventOptions]:d61ab353-f98b-11e5-80e3-005056011152','Проверка',0,0);
INSERT INTO `_Catalog_EventOptions_ListValues` (Id,LineNumber,Ref,Val,IsTombstone,IsDirty) VALUES ('@ref[Catalog_EventOptions_ListValues]:3ed4aee7-671c-e611-80c3-005056010e44',2,'@ref[Catalog_EventOptions]:d61ab353-f98b-11e5-80e3-005056011152','Страховка',0,0);
INSERT INTO `_Catalog_EventOptions_ListValues` (Id,LineNumber,Ref,Val,IsTombstone,IsDirty) VALUES ('@ref[Catalog_EventOptions_ListValues]:3fd4aee7-671c-e611-80c3-005056010e44',1,'@ref[Catalog_EventOptions]:422820b0-fff9-11e5-80e3-005056011152','Тариф 1',0,0);
INSERT INTO `_Catalog_EventOptions_ListValues` (Id,LineNumber,Ref,Val,IsTombstone,IsDirty) VALUES ('@ref[Catalog_EventOptions_ListValues]:40d4aee7-671c-e611-80c3-005056010e44',2,'@ref[Catalog_EventOptions]:422820b0-fff9-11e5-80e3-005056011152','Тариф 2',0,0);
INSERT INTO `_Catalog_EventOptions_ListValues` (Id,LineNumber,Ref,Val,IsTombstone,IsDirty) VALUES ('@ref[Catalog_EventOptions_ListValues]:41d4aee7-671c-e611-80c3-005056010e44',1,'@ref[Catalog_EventOptions]:422820b1-fff9-11e5-80e3-005056011152','Демонтаж',0,0);
INSERT INTO `_Catalog_EventOptions_ListValues` (Id,LineNumber,Ref,Val,IsTombstone,IsDirty) VALUES ('@ref[Catalog_EventOptions_ListValues]:42d4aee7-671c-e611-80c3-005056010e44',3,'@ref[Catalog_EventOptions]:422820b1-fff9-11e5-80e3-005056011152','Монтаж ДО',0,0);
INSERT INTO `_Catalog_EventOptions_ListValues` (Id,LineNumber,Ref,Val,IsTombstone,IsDirty) VALUES ('@ref[Catalog_EventOptions_ListValues]:43d4aee7-671c-e611-80c3-005056010e44',2,'@ref[Catalog_EventOptions]:422820b1-fff9-11e5-80e3-005056011152','Техн.раб.',0,0);
INSERT INTO `_Catalog_EventOptions` (Predefined,Id,DeletionMark,Description,Code,DataTypeParameter,DisplayingBMA,EditingBMA,IsTombstone,IsDirty) VALUES (0,'@ref[Catalog_EventOptions]:f249e6e0-ee0a-11e5-80db-005056011152',1,'Подразделение исполнитель','000000001','@ref[Enum_TypesDataParameters]:988d759f-473c-bdde-42c8-3dcc69bcc24b',0,0,0,0);
INSERT INTO `_Catalog_EventOptions` (Predefined,Id,DeletionMark,Description,Code,DataTypeParameter,DisplayingBMA,EditingBMA,IsTombstone,IsDirty) VALUES (0,'@ref[Catalog_EventOptions]:d37ffb50-f5a2-11e5-80e3-005056011152',1,'Номер заявки внутренний','000000002','@ref[Enum_TypesDataParameters]:8404c846-e63b-425c-40fb-e3081e1b97c0',1,1,0,0);
INSERT INTO `_Catalog_EventOptions` (Predefined,Id,DeletionMark,Description,Code,DataTypeParameter,DisplayingBMA,EditingBMA,IsTombstone,IsDirty) VALUES (0,'@ref[Catalog_EventOptions]:d61ab352-f98b-11e5-80e3-005056011152',0,'Документы','000000003','@ref[Enum_TypesDataParameters]:988d759f-473c-bdde-42c8-3dcc69bcc24b',1,1,0,0);
INSERT INTO `_Catalog_EventOptions` (Predefined,Id,DeletionMark,Description,Code,DataTypeParameter,DisplayingBMA,EditingBMA,IsTombstone,IsDirty) VALUES (0,'@ref[Catalog_EventOptions]:d61ab353-f98b-11e5-80e3-005056011152',0,'Документы','000000004','@ref[Enum_TypesDataParameters]:988d759f-473c-bdde-42c8-3dcc69bcc24b',1,1,0,0);
INSERT INTO `_Catalog_EventOptions` (Predefined,Id,DeletionMark,Description,Code,DataTypeParameter,DisplayingBMA,EditingBMA,IsTombstone,IsDirty) VALUES (0,'@ref[Catalog_EventOptions]:6cc8e8c6-fa68-11e5-80e3-005056011152',0,'Продажа СКП','000000005','@ref[Enum_TypesDataParameters]:8404c846-e63b-425c-40fb-e3081e1b97c0',0,0,0,0);
INSERT INTO `_Catalog_EventOptions` (Predefined,Id,DeletionMark,Description,Code,DataTypeParameter,DisplayingBMA,EditingBMA,IsTombstone,IsDirty) VALUES (0,'@ref[Catalog_EventOptions]:6cc8e8c7-fa68-11e5-80e3-005056011152',0,'Установка ИПУВ','000000006','@ref[Enum_TypesDataParameters]:aab753ce-1c3b-26b2-4d84-1461cd69c8ab',0,0,0,0);
INSERT INTO `_Catalog_EventOptions` (Predefined,Id,DeletionMark,Description,Code,DataTypeParameter,DisplayingBMA,EditingBMA,IsTombstone,IsDirty) VALUES (0,'@ref[Catalog_EventOptions]:6cc8e8c8-fa68-11e5-80e3-005056011152',0,'Установка ПУЭ','000000007','@ref[Enum_TypesDataParameters]:aab753ce-1c3b-26b2-4d84-1461cd69c8ab',0,0,0,0);
INSERT INTO `_Catalog_EventOptions` (Predefined,Id,DeletionMark,Description,Code,DataTypeParameter,DisplayingBMA,EditingBMA,IsTombstone,IsDirty) VALUES (0,'@ref[Catalog_EventOptions]:6cc8e8c9-fa68-11e5-80e3-005056011152',0,'Электромонтажные раб.','000000008','@ref[Enum_TypesDataParameters]:aab753ce-1c3b-26b2-4d84-1461cd69c8ab',0,0,0,0);
INSERT INTO `_Catalog_EventOptions` (Predefined,Id,DeletionMark,Description,Code,DataTypeParameter,DisplayingBMA,EditingBMA,IsTombstone,IsDirty) VALUES (0,'@ref[Catalog_EventOptions]:6cc8e8ca-fa68-11e5-80e3-005056011152',0,'Установка ЭО','000000009','@ref[Enum_TypesDataParameters]:aab753ce-1c3b-26b2-4d84-1461cd69c8ab',0,0,0,0);
INSERT INTO `_Catalog_EventOptions` (Predefined,Id,DeletionMark,Description,Code,DataTypeParameter,DisplayingBMA,EditingBMA,IsTombstone,IsDirty) VALUES (0,'@ref[Catalog_EventOptions]:6cc8e8cb-fa68-11e5-80e3-005056011152',0,'Подключение РосТелеком','000000010','@ref[Enum_TypesDataParameters]:aab753ce-1c3b-26b2-4d84-1461cd69c8ab',0,0,0,0);
INSERT INTO `_Catalog_EventOptions` (Predefined,Id,DeletionMark,Description,Code,DataTypeParameter,DisplayingBMA,EditingBMA,IsTombstone,IsDirty) VALUES (0,'@ref[Catalog_EventOptions]:6cc8e8cc-fa68-11e5-80e3-005056011152',0,'Оплата услуг ЖКХ','000000011','@ref[Enum_TypesDataParameters]:aab753ce-1c3b-26b2-4d84-1461cd69c8ab',0,0,0,0);
INSERT INTO `_Catalog_EventOptions` (Predefined,Id,DeletionMark,Description,Code,DataTypeParameter,DisplayingBMA,EditingBMA,IsTombstone,IsDirty) VALUES (0,'@ref[Catalog_EventOptions]:6cc8e8cd-fa68-11e5-80e3-005056011152',0,'Оплата выезда специалиста','000000012','@ref[Enum_TypesDataParameters]:aab753ce-1c3b-26b2-4d84-1461cd69c8ab',0,0,0,0);
INSERT INTO `_Catalog_EventOptions` (Predefined,Id,DeletionMark,Description,Code,DataTypeParameter,DisplayingBMA,EditingBMA,IsTombstone,IsDirty) VALUES (0,'@ref[Catalog_EventOptions]:6cc8e8ce-fa68-11e5-80e3-005056011152',0,'Оплаита услуг паспортиста','000000013','@ref[Enum_TypesDataParameters]:aab753ce-1c3b-26b2-4d84-1461cd69c8ab',0,0,0,0);
INSERT INTO `_Catalog_EventOptions` (Predefined,Id,DeletionMark,Description,Code,DataTypeParameter,DisplayingBMA,EditingBMA,IsTombstone,IsDirty) VALUES (0,'@ref[Catalog_EventOptions]:422820b0-fff9-11e5-80e3-005056011152',0,'Подключение тарифа','000000014','@ref[Enum_TypesDataParameters]:988d759f-473c-bdde-42c8-3dcc69bcc24b',0,0,0,0);
INSERT INTO `_Catalog_EventOptions` (Predefined,Id,DeletionMark,Description,Code,DataTypeParameter,DisplayingBMA,EditingBMA,IsTombstone,IsDirty) VALUES (0,'@ref[Catalog_EventOptions]:422820b1-fff9-11e5-80e3-005056011152',0,'Технические работы','000000015','@ref[Enum_TypesDataParameters]:988d759f-473c-bdde-42c8-3dcc69bcc24b',0,0,0,0);
INSERT INTO `_Catalog_EventOptions` (Predefined,Id,DeletionMark,Description,Code,DataTypeParameter,DisplayingBMA,EditingBMA,IsTombstone,IsDirty) VALUES (0,'@ref[Catalog_EventOptions]:2d38c037-174b-11e6-80e3-005056011152',0,'ррррр','000000016','@ref[Enum_TypesDataParameters]:ae3d67f7-50b3-4e00-4ab8-fc9cb4f1bf64',0,0,0,0);
INSERT INTO `_Catalog_EventOptions` (Predefined,Id,DeletionMark,Description,Code,DataTypeParameter,DisplayingBMA,EditingBMA,IsTombstone,IsDirty) VALUES (0,'@ref[Catalog_EventOptions]:2d38c03a-174b-11e6-80e3-005056011152',0,'фото','000000017','@ref[Enum_TypesDataParameters]:ae3d67f7-50b3-4e00-4ab8-fc9cb4f1bf64',0,0,0,0);
INSERT INTO `_Catalog_Equipment_Parameters` (Id,LineNumber,Ref,Parameter,Val,IsTombstone,IsDirty) VALUES ('@ref[Catalog_Equipment_Parameters]:e1d2aee7-671c-e611-80c3-005056010e44',2,'@ref[Catalog_Equipment]:56087fb5-b90f-11e5-80d9-005056011152','@ref[Catalog_EquipmentOptions]:14b1e7e8-c34a-11e5-80d9-005056011152','12',0,0);
INSERT INTO `_Catalog_Equipment_Parameters` (Id,LineNumber,Ref,Parameter,Val,IsTombstone,IsDirty) VALUES ('@ref[Catalog_Equipment_Parameters]:e1d2aee7-671c-e611-80c3-005056010e44',2,'@ref[Catalog_Equipment]:56087fb5-b90f-11e5-80d9-005056011152','@ref[Catalog_EquipmentOptions]:14b1e7e8-c34a-11e5-80d9-005056011152','12',0,0);
INSERT INTO `_Catalog_Equipment_Parameters` (Id,LineNumber,Ref,Parameter,Val,IsTombstone,IsDirty) VALUES ('@ref[Catalog_Equipment_Parameters]:e0d2aee7-671c-e611-80c3-005056010e44',1,'@ref[Catalog_Equipment]:56087fb5-b90f-11e5-80d9-005056011152','@ref[Catalog_EquipmentOptions]:14b1e7e6-c34a-11e5-80d9-005056011152','1 234',0,0);
INSERT INTO `_Catalog_Equipment_Parameters` (Id,LineNumber,Ref,Parameter,Val,IsTombstone,IsDirty) VALUES ('@ref[Catalog_Equipment_Parameters]:dfd2aee7-671c-e611-80c3-005056010e44',3,'@ref[Catalog_Equipment]:56087fb5-b90f-11e5-80d9-005056011152','@ref[Catalog_EquipmentOptions]:13bd18c1-d63d-11e5-80d9-005056011152','123',0,0);
INSERT INTO `_Catalog_Equipment_Parameters` (Id,LineNumber,Ref,Parameter,Val,IsTombstone,IsDirty) VALUES ('@ref[Catalog_Equipment_Parameters]:ebd2aee7-671c-e611-80c3-005056010e44',3,'@ref[Catalog_Equipment]:18495925-b92e-11e5-80d9-005056011152','@ref[Catalog_EquipmentOptions]:14b1e7e8-c34a-11e5-80d9-005056011152','3',0,0);
INSERT INTO `_Catalog_Equipment_Parameters` (Id,LineNumber,Ref,Parameter,Val,IsTombstone,IsDirty) VALUES ('@ref[Catalog_Equipment_Parameters]:ead2aee7-671c-e611-80c3-005056010e44',2,'@ref[Catalog_Equipment]:18495925-b92e-11e5-80d9-005056011152','@ref[Catalog_EquipmentOptions]:14b1e7e7-c34a-11e5-80d9-005056011152','dee338c4-f4a9-1a92-bbbc-f0de8a87a4f7',0,0);
INSERT INTO `_Catalog_Equipment_Parameters` (Id,LineNumber,Ref,Parameter,Val,IsTombstone,IsDirty) VALUES ('@ref[Catalog_Equipment_Parameters]:e9d2aee7-671c-e611-80c3-005056010e44',1,'@ref[Catalog_Equipment]:18495925-b92e-11e5-80d9-005056011152','@ref[Catalog_EquipmentOptions]:14b1e7e6-c34a-11e5-80d9-005056011152','50',0,0);
INSERT INTO `_Catalog_Equipment_Parameters` (Id,LineNumber,Ref,Parameter,Val,IsTombstone,IsDirty) VALUES ('@ref[Catalog_Equipment_Parameters]:e8d2aee7-671c-e611-80c3-005056010e44',4,'@ref[Catalog_Equipment]:18495925-b92e-11e5-80d9-005056011152','@ref[Catalog_EquipmentOptions]:13bd18c1-d63d-11e5-80d9-005056011152','37',0,0);
INSERT INTO `_Catalog_Equipment_Parameters` (Id,LineNumber,Ref,Parameter,Val,IsTombstone,IsDirty) VALUES ('@ref[Catalog_Equipment_Parameters]:f8d2aee7-671c-e611-80c3-005056010e44',3,'@ref[Catalog_Equipment]:18495929-b92e-11e5-80d9-005056011152','@ref[Catalog_EquipmentOptions]:14b1e7e8-c34a-11e5-80d9-005056011152','0,24',0,0);
INSERT INTO `_Catalog_Equipment_Parameters` (Id,LineNumber,Ref,Parameter,Val,IsTombstone,IsDirty) VALUES ('@ref[Catalog_Equipment_Parameters]:f7d2aee7-671c-e611-80c3-005056010e44',2,'@ref[Catalog_Equipment]:18495929-b92e-11e5-80d9-005056011152','@ref[Catalog_EquipmentOptions]:14b1e7e7-c34a-11e5-80d9-005056011152','b18af171-a939-d734-c624-02047e01c748',0,0);
INSERT INTO `_Catalog_Equipment_Parameters` (Id,LineNumber,Ref,Parameter,Val,IsTombstone,IsDirty) VALUES ('@ref[Catalog_Equipment_Parameters]:f6d2aee7-671c-e611-80c3-005056010e44',1,'@ref[Catalog_Equipment]:18495929-b92e-11e5-80d9-005056011152','@ref[Catalog_EquipmentOptions]:14b1e7e6-c34a-11e5-80d9-005056011152','15',0,0);
INSERT INTO `_Catalog_Equipment_Parameters` (Id,LineNumber,Ref,Parameter,Val,IsTombstone,IsDirty) VALUES ('@ref[Catalog_Equipment_Parameters]:f5d2aee7-671c-e611-80c3-005056010e44',4,'@ref[Catalog_Equipment]:18495929-b92e-11e5-80d9-005056011152','@ref[Catalog_EquipmentOptions]:13bd18c1-d63d-11e5-80d9-005056011152','7',0,0);
INSERT INTO `_Catalog_Equipment_Parameters` (Id,LineNumber,Ref,Parameter,Val,IsTombstone,IsDirty) VALUES ('@ref[Catalog_Equipment_Parameters]:04d3aee7-671c-e611-80c3-005056010e44',3,'@ref[Catalog_Equipment]:6fe8882a-ba04-11e5-80d9-005056011152','@ref[Catalog_EquipmentOptions]:14b1e7e8-c34a-11e5-80d9-005056011152','',0,0);
INSERT INTO `_Catalog_Equipment_Parameters` (Id,LineNumber,Ref,Parameter,Val,IsTombstone,IsDirty) VALUES ('@ref[Catalog_Equipment_Parameters]:03d3aee7-671c-e611-80c3-005056010e44',2,'@ref[Catalog_Equipment]:6fe8882a-ba04-11e5-80d9-005056011152','@ref[Catalog_EquipmentOptions]:14b1e7e7-c34a-11e5-80d9-005056011152','',0,0);
INSERT INTO `_Catalog_Equipment_Parameters` (Id,LineNumber,Ref,Parameter,Val,IsTombstone,IsDirty) VALUES ('@ref[Catalog_Equipment_Parameters]:02d3aee7-671c-e611-80c3-005056010e44',1,'@ref[Catalog_Equipment]:6fe8882a-ba04-11e5-80d9-005056011152','@ref[Catalog_EquipmentOptions]:14b1e7e6-c34a-11e5-80d9-005056011152','',0,0);
INSERT INTO `_Catalog_Equipment_Parameters` (Id,LineNumber,Ref,Parameter,Val,IsTombstone,IsDirty) VALUES ('@ref[Catalog_Equipment_Parameters]:01d3aee7-671c-e611-80c3-005056010e44',4,'@ref[Catalog_Equipment]:6fe8882a-ba04-11e5-80d9-005056011152','@ref[Catalog_EquipmentOptions]:13bd18c1-d63d-11e5-80d9-005056011152','',0,0);
INSERT INTO `_Catalog_Equipment_Parameters` (Id,LineNumber,Ref,Parameter,Val,IsTombstone,IsDirty) VALUES ('@ref[Catalog_Equipment_Parameters]:11d3aee7-671c-e611-80c3-005056010e44',3,'@ref[Catalog_Equipment]:13bd18c0-d63d-11e5-80d9-005056011152','@ref[Catalog_EquipmentOptions]:14b1e7e8-c34a-11e5-80d9-005056011152','38',0,0);
INSERT INTO `_Catalog_Equipment_Parameters` (Id,LineNumber,Ref,Parameter,Val,IsTombstone,IsDirty) VALUES ('@ref[Catalog_Equipment_Parameters]:10d3aee7-671c-e611-80c3-005056010e44',2,'@ref[Catalog_Equipment]:13bd18c0-d63d-11e5-80d9-005056011152','@ref[Catalog_EquipmentOptions]:14b1e7e7-c34a-11e5-80d9-005056011152','951b1e4c-5745-88cd-3e3d-6bacf1684c45',0,0);
INSERT INTO `_Catalog_Equipment_Parameters` (Id,LineNumber,Ref,Parameter,Val,IsTombstone,IsDirty) VALUES ('@ref[Catalog_Equipment_Parameters]:0fd3aee7-671c-e611-80c3-005056010e44',1,'@ref[Catalog_Equipment]:13bd18c0-d63d-11e5-80d9-005056011152','@ref[Catalog_EquipmentOptions]:14b1e7e6-c34a-11e5-80d9-005056011152','123',0,0);
INSERT INTO `_Catalog_Equipment_Parameters` (Id,LineNumber,Ref,Parameter,Val,IsTombstone,IsDirty) VALUES ('@ref[Catalog_Equipment_Parameters]:0ed3aee7-671c-e611-80c3-005056010e44',4,'@ref[Catalog_Equipment]:13bd18c0-d63d-11e5-80d9-005056011152','@ref[Catalog_EquipmentOptions]:13bd18c1-d63d-11e5-80d9-005056011152','142',0,0);
INSERT INTO `_Catalog_Equipment_Parameters` (Id,LineNumber,Ref,Parameter,Val,IsTombstone,IsDirty) VALUES ('@ref[Catalog_Equipment_Parameters]:1bd3aee7-671c-e611-80c3-005056010e44',3,'@ref[Catalog_Equipment]:f2b77ce4-db8b-11e5-80d9-005056011152','@ref[Catalog_EquipmentOptions]:14b1e7e8-c34a-11e5-80d9-005056011152','z',0,0);
INSERT INTO `_Catalog_Equipment_Parameters` (Id,LineNumber,Ref,Parameter,Val,IsTombstone,IsDirty) VALUES ('@ref[Catalog_Equipment_Parameters]:1ad3aee7-671c-e611-80c3-005056010e44',2,'@ref[Catalog_Equipment]:f2b77ce4-db8b-11e5-80d9-005056011152','@ref[Catalog_EquipmentOptions]:14b1e7e7-c34a-11e5-80d9-005056011152','899a9709-7d38-1862-dd60-f9f3c70823df',0,0);
INSERT INTO `_Catalog_Equipment_Parameters` (Id,LineNumber,Ref,Parameter,Val,IsTombstone,IsDirty) VALUES ('@ref[Catalog_Equipment_Parameters]:19d3aee7-671c-e611-80c3-005056010e44',1,'@ref[Catalog_Equipment]:f2b77ce4-db8b-11e5-80d9-005056011152','@ref[Catalog_EquipmentOptions]:14b1e7e6-c34a-11e5-80d9-005056011152','2',0,0);
INSERT INTO `_Catalog_Equipment_Parameters` (Id,LineNumber,Ref,Parameter,Val,IsTombstone,IsDirty) VALUES ('@ref[Catalog_Equipment_Parameters]:18d3aee7-671c-e611-80c3-005056010e44',4,'@ref[Catalog_Equipment]:f2b77ce4-db8b-11e5-80d9-005056011152','@ref[Catalog_EquipmentOptions]:13bd18c1-d63d-11e5-80d9-005056011152','3',0,0);
INSERT INTO `_Catalog_Equipment_Parameters` (Id,LineNumber,Ref,Parameter,Val,IsTombstone,IsDirty) VALUES ('@ref[Catalog_Equipment_Parameters]:3dd3aee7-671c-e611-80c3-005056010e44',7,'@ref[Catalog_Equipment]:9e845e2a-df85-11e5-80d9-005056011152','@ref[Catalog_EquipmentOptions]:9e845e20-df85-11e5-80d9-005056011152','05.01.2016 0:00:00',0,0);
INSERT INTO `_Catalog_Equipment_Parameters` (Id,LineNumber,Ref,Parameter,Val,IsTombstone,IsDirty) VALUES ('@ref[Catalog_Equipment_Parameters]:3cd3aee7-671c-e611-80c3-005056010e44',6,'@ref[Catalog_Equipment]:9e845e2a-df85-11e5-80d9-005056011152','@ref[Catalog_EquipmentOptions]:9e845e1f-df85-11e5-80d9-005056011152','',0,0);
INSERT INTO `_Catalog_Equipment_Parameters` (Id,LineNumber,Ref,Parameter,Val,IsTombstone,IsDirty) VALUES ('@ref[Catalog_Equipment_Parameters]:3bd3aee7-671c-e611-80c3-005056010e44',5,'@ref[Catalog_Equipment]:9e845e2a-df85-11e5-80d9-005056011152','@ref[Catalog_EquipmentOptions]:9e845e1e-df85-11e5-80d9-005056011152','RH53',0,0);
INSERT INTO `_Catalog_Equipment_Parameters` (Id,LineNumber,Ref,Parameter,Val,IsTombstone,IsDirty) VALUES ('@ref[Catalog_Equipment_Parameters]:3ad3aee7-671c-e611-80c3-005056010e44',3,'@ref[Catalog_Equipment]:9e845e2a-df85-11e5-80d9-005056011152','@ref[Catalog_EquipmentOptions]:14b1e7e8-c34a-11e5-80d9-005056011152','',0,0);
INSERT INTO `_Catalog_Equipment_Parameters` (Id,LineNumber,Ref,Parameter,Val,IsTombstone,IsDirty) VALUES ('@ref[Catalog_Equipment_Parameters]:39d3aee7-671c-e611-80c3-005056010e44',2,'@ref[Catalog_Equipment]:9e845e2a-df85-11e5-80d9-005056011152','@ref[Catalog_EquipmentOptions]:14b1e7e7-c34a-11e5-80d9-005056011152','',0,0);
INSERT INTO `_Catalog_Equipment_Parameters` (Id,LineNumber,Ref,Parameter,Val,IsTombstone,IsDirty) VALUES ('@ref[Catalog_Equipment_Parameters]:38d3aee7-671c-e611-80c3-005056010e44',1,'@ref[Catalog_Equipment]:9e845e2a-df85-11e5-80d9-005056011152','@ref[Catalog_EquipmentOptions]:14b1e7e6-c34a-11e5-80d9-005056011152','',0,0);
INSERT INTO `_Catalog_Equipment_Parameters` (Id,LineNumber,Ref,Parameter,Val,IsTombstone,IsDirty) VALUES ('@ref[Catalog_Equipment_Parameters]:37d3aee7-671c-e611-80c3-005056010e44',4,'@ref[Catalog_Equipment]:9e845e2a-df85-11e5-80d9-005056011152','@ref[Catalog_EquipmentOptions]:13bd18c1-d63d-11e5-80d9-005056011152','',0,0);
INSERT INTO `_Catalog_Equipment_Parameters` (Id,LineNumber,Ref,Parameter,Val,IsTombstone,IsDirty) VALUES ('@ref[Catalog_Equipment_Parameters]:60d3aee7-671c-e611-80c3-005056010e44',7,'@ref[Catalog_Equipment]:92c94c34-e113-11e5-80d9-005056011152','@ref[Catalog_EquipmentOptions]:9e845e20-df85-11e5-80d9-005056011152','',0,0);
INSERT INTO `_Catalog_Equipment_Parameters` (Id,LineNumber,Ref,Parameter,Val,IsTombstone,IsDirty) VALUES ('@ref[Catalog_Equipment_Parameters]:5fd3aee7-671c-e611-80c3-005056010e44',6,'@ref[Catalog_Equipment]:92c94c34-e113-11e5-80d9-005056011152','@ref[Catalog_EquipmentOptions]:9e845e1f-df85-11e5-80d9-005056011152','43123',0,0);
INSERT INTO `_Catalog_Equipment_Parameters` (Id,LineNumber,Ref,Parameter,Val,IsTombstone,IsDirty) VALUES ('@ref[Catalog_Equipment_Parameters]:5ed3aee7-671c-e611-80c3-005056010e44',5,'@ref[Catalog_Equipment]:92c94c34-e113-11e5-80d9-005056011152','@ref[Catalog_EquipmentOptions]:9e845e1e-df85-11e5-80d9-005056011152','U6000L42',0,0);
INSERT INTO `_Catalog_Equipment_Parameters` (Id,LineNumber,Ref,Parameter,Val,IsTombstone,IsDirty) VALUES ('@ref[Catalog_Equipment_Parameters]:5dd3aee7-671c-e611-80c3-005056010e44',3,'@ref[Catalog_Equipment]:92c94c34-e113-11e5-80d9-005056011152','@ref[Catalog_EquipmentOptions]:14b1e7e8-c34a-11e5-80d9-005056011152','123-12',0,0);
INSERT INTO `_Catalog_Equipment_Parameters` (Id,LineNumber,Ref,Parameter,Val,IsTombstone,IsDirty) VALUES ('@ref[Catalog_Equipment_Parameters]:5cd3aee7-671c-e611-80c3-005056010e44',2,'@ref[Catalog_Equipment]:92c94c34-e113-11e5-80d9-005056011152','@ref[Catalog_EquipmentOptions]:14b1e7e7-c34a-11e5-80d9-005056011152','fa7723f1-3c8b-0728-33cb-875fd3e27e7a',0,0);
INSERT INTO `_Catalog_Equipment_Parameters` (Id,LineNumber,Ref,Parameter,Val,IsTombstone,IsDirty) VALUES ('@ref[Catalog_Equipment_Parameters]:5bd3aee7-671c-e611-80c3-005056010e44',1,'@ref[Catalog_Equipment]:92c94c34-e113-11e5-80d9-005056011152','@ref[Catalog_EquipmentOptions]:14b1e7e6-c34a-11e5-80d9-005056011152','',0,0);
INSERT INTO `_Catalog_Equipment_Parameters` (Id,LineNumber,Ref,Parameter,Val,IsTombstone,IsDirty) VALUES ('@ref[Catalog_Equipment_Parameters]:5ad3aee7-671c-e611-80c3-005056010e44',4,'@ref[Catalog_Equipment]:92c94c34-e113-11e5-80d9-005056011152','@ref[Catalog_EquipmentOptions]:13bd18c1-d63d-11e5-80d9-005056011152','Samsung ',0,0);
INSERT INTO `_Catalog_Equipment_Parameters` (Id,LineNumber,Ref,Parameter,Val,IsTombstone,IsDirty) VALUES ('@ref[Catalog_Equipment_Parameters]:8ed3aee7-671c-e611-80c3-005056010e44',7,'@ref[Catalog_Equipment]:729d7c2a-e1d5-11e5-80d9-005056011152','@ref[Catalog_EquipmentOptions]:9e845e20-df85-11e5-80d9-005056011152','01.02.2016 0:00:00',0,0);
INSERT INTO `_Catalog_Equipment_Parameters` (Id,LineNumber,Ref,Parameter,Val,IsTombstone,IsDirty) VALUES ('@ref[Catalog_Equipment_Parameters]:8dd3aee7-671c-e611-80c3-005056010e44',6,'@ref[Catalog_Equipment]:729d7c2a-e1d5-11e5-80d9-005056011152','@ref[Catalog_EquipmentOptions]:9e845e1f-df85-11e5-80d9-005056011152','123-123 II',0,0);
INSERT INTO `_Catalog_Equipment_Parameters` (Id,LineNumber,Ref,Parameter,Val,IsTombstone,IsDirty) VALUES ('@ref[Catalog_Equipment_Parameters]:8cd3aee7-671c-e611-80c3-005056010e44',5,'@ref[Catalog_Equipment]:729d7c2a-e1d5-11e5-80d9-005056011152','@ref[Catalog_EquipmentOptions]:9e845e1e-df85-11e5-80d9-005056011152','R7850',0,0);
INSERT INTO `_Catalog_Equipment_Parameters` (Id,LineNumber,Ref,Parameter,Val,IsTombstone,IsDirty) VALUES ('@ref[Catalog_Equipment_Parameters]:8bd3aee7-671c-e611-80c3-005056010e44',3,'@ref[Catalog_Equipment]:729d7c2a-e1d5-11e5-80d9-005056011152','@ref[Catalog_EquipmentOptions]:14b1e7e8-c34a-11e5-80d9-005056011152','456-123-655-54 FA',0,0);
INSERT INTO `_Catalog_Equipment_Parameters` (Id,LineNumber,Ref,Parameter,Val,IsTombstone,IsDirty) VALUES ('@ref[Catalog_Equipment_Parameters]:8ad3aee7-671c-e611-80c3-005056010e44',2,'@ref[Catalog_Equipment]:729d7c2a-e1d5-11e5-80d9-005056011152','@ref[Catalog_EquipmentOptions]:14b1e7e7-c34a-11e5-80d9-005056011152','f74394a3-9bf5-d75c-5c7e-f8e817757038',0,0);
INSERT INTO `_Catalog_Equipment_Parameters` (Id,LineNumber,Ref,Parameter,Val,IsTombstone,IsDirty) VALUES ('@ref[Catalog_Equipment_Parameters]:89d3aee7-671c-e611-80c3-005056010e44',1,'@ref[Catalog_Equipment]:729d7c2a-e1d5-11e5-80d9-005056011152','@ref[Catalog_EquipmentOptions]:14b1e7e6-c34a-11e5-80d9-005056011152','',0,0);
INSERT INTO `_Catalog_Equipment_Parameters` (Id,LineNumber,Ref,Parameter,Val,IsTombstone,IsDirty) VALUES ('@ref[Catalog_Equipment_Parameters]:88d3aee7-671c-e611-80c3-005056010e44',4,'@ref[Catalog_Equipment]:729d7c2a-e1d5-11e5-80d9-005056011152','@ref[Catalog_EquipmentOptions]:13bd18c1-d63d-11e5-80d9-005056011152','Indesit',0,0);
INSERT INTO `_Catalog_Equipment_Parameters` (Id,LineNumber,Ref,Parameter,Val,IsTombstone,IsDirty) VALUES ('@ref[Catalog_Equipment_Parameters]:a3d3aee7-671c-e611-80c3-005056010e44',7,'@ref[Catalog_Equipment]:7c58129f-e5db-11e5-80d9-005056011152','@ref[Catalog_EquipmentOptions]:9e845e20-df85-11e5-80d9-005056011152','02.02.2016 0:00:00',0,0);
INSERT INTO `_Catalog_Equipment_Parameters` (Id,LineNumber,Ref,Parameter,Val,IsTombstone,IsDirty) VALUES ('@ref[Catalog_Equipment_Parameters]:a2d3aee7-671c-e611-80c3-005056010e44',6,'@ref[Catalog_Equipment]:7c58129f-e5db-11e5-80d9-005056011152','@ref[Catalog_EquipmentOptions]:9e845e1f-df85-11e5-80d9-005056011152','',0,0);
INSERT INTO `_Catalog_Equipment_Parameters` (Id,LineNumber,Ref,Parameter,Val,IsTombstone,IsDirty) VALUES ('@ref[Catalog_Equipment_Parameters]:a1d3aee7-671c-e611-80c3-005056010e44',5,'@ref[Catalog_Equipment]:7c58129f-e5db-11e5-80d9-005056011152','@ref[Catalog_EquipmentOptions]:9e845e1e-df85-11e5-80d9-005056011152','446аа',0,0);
INSERT INTO `_Catalog_Equipment_Parameters` (Id,LineNumber,Ref,Parameter,Val,IsTombstone,IsDirty) VALUES ('@ref[Catalog_Equipment_Parameters]:a0d3aee7-671c-e611-80c3-005056010e44',3,'@ref[Catalog_Equipment]:7c58129f-e5db-11e5-80d9-005056011152','@ref[Catalog_EquipmentOptions]:14b1e7e8-c34a-11e5-80d9-005056011152','CCD-2094.1М/VC',0,0);
INSERT INTO `_Catalog_Equipment_Parameters` (Id,LineNumber,Ref,Parameter,Val,IsTombstone,IsDirty) VALUES ('@ref[Catalog_Equipment_Parameters]:9fd3aee7-671c-e611-80c3-005056010e44',2,'@ref[Catalog_Equipment]:7c58129f-e5db-11e5-80d9-005056011152','@ref[Catalog_EquipmentOptions]:14b1e7e7-c34a-11e5-80d9-005056011152','e5b9a2c4-38f7-a792-91b9-f81497fcb789',0,0);
INSERT INTO `_Catalog_Equipment_Parameters` (Id,LineNumber,Ref,Parameter,Val,IsTombstone,IsDirty) VALUES ('@ref[Catalog_Equipment_Parameters]:9ed3aee7-671c-e611-80c3-005056010e44',1,'@ref[Catalog_Equipment]:7c58129f-e5db-11e5-80d9-005056011152','@ref[Catalog_EquipmentOptions]:14b1e7e6-c34a-11e5-80d9-005056011152','',0,0);
INSERT INTO `_Catalog_Equipment_Parameters` (Id,LineNumber,Ref,Parameter,Val,IsTombstone,IsDirty) VALUES ('@ref[Catalog_Equipment_Parameters]:9dd3aee7-671c-e611-80c3-005056010e44',4,'@ref[Catalog_Equipment]:7c58129f-e5db-11e5-80d9-005056011152','@ref[Catalog_EquipmentOptions]:13bd18c1-d63d-11e5-80d9-005056011152','123-123',0,0);
INSERT INTO `_Catalog_Equipment_Parameters` (Id,LineNumber,Ref,Parameter,Val,IsTombstone,IsDirty) VALUES ('@ref[Catalog_Equipment_Parameters]:add3aee7-671c-e611-80c3-005056010e44',7,'@ref[Catalog_Equipment]:06b50a76-ea89-11e5-80db-005056011152','@ref[Catalog_EquipmentOptions]:9e845e20-df85-11e5-80d9-005056011152','04.01.2016 0:00:00',0,0);
INSERT INTO `_Catalog_Equipment_Parameters` (Id,LineNumber,Ref,Parameter,Val,IsTombstone,IsDirty) VALUES ('@ref[Catalog_Equipment_Parameters]:acd3aee7-671c-e611-80c3-005056010e44',6,'@ref[Catalog_Equipment]:06b50a76-ea89-11e5-80db-005056011152','@ref[Catalog_EquipmentOptions]:9e845e1f-df85-11e5-80d9-005056011152','5\12',0,0);
INSERT INTO `_Catalog_Equipment_Parameters` (Id,LineNumber,Ref,Parameter,Val,IsTombstone,IsDirty) VALUES ('@ref[Catalog_Equipment_Parameters]:abd3aee7-671c-e611-80c3-005056010e44',5,'@ref[Catalog_Equipment]:06b50a76-ea89-11e5-80db-005056011152','@ref[Catalog_EquipmentOptions]:9e845e1e-df85-11e5-80d9-005056011152',' EP KRT 10PAC',0,0);
INSERT INTO `_Catalog_Equipment_Parameters` (Id,LineNumber,Ref,Parameter,Val,IsTombstone,IsDirty) VALUES ('@ref[Catalog_Equipment_Parameters]:aad3aee7-671c-e611-80c3-005056010e44',3,'@ref[Catalog_Equipment]:06b50a76-ea89-11e5-80db-005056011152','@ref[Catalog_EquipmentOptions]:14b1e7e8-c34a-11e5-80d9-005056011152','1000',0,0);
INSERT INTO `_Catalog_Equipment_Parameters` (Id,LineNumber,Ref,Parameter,Val,IsTombstone,IsDirty) VALUES ('@ref[Catalog_Equipment_Parameters]:a9d3aee7-671c-e611-80c3-005056010e44',2,'@ref[Catalog_Equipment]:06b50a76-ea89-11e5-80db-005056011152','@ref[Catalog_EquipmentOptions]:14b1e7e7-c34a-11e5-80d9-005056011152','6dfcf523-2e45-86ab-26b6-23a7b2eee5fb',0,0);
INSERT INTO `_Catalog_Equipment_Parameters` (Id,LineNumber,Ref,Parameter,Val,IsTombstone,IsDirty) VALUES ('@ref[Catalog_Equipment_Parameters]:a8d3aee7-671c-e611-80c3-005056010e44',1,'@ref[Catalog_Equipment]:06b50a76-ea89-11e5-80db-005056011152','@ref[Catalog_EquipmentOptions]:14b1e7e6-c34a-11e5-80d9-005056011152','',0,0);
INSERT INTO `_Catalog_Equipment_Parameters` (Id,LineNumber,Ref,Parameter,Val,IsTombstone,IsDirty) VALUES ('@ref[Catalog_Equipment_Parameters]:a7d3aee7-671c-e611-80c3-005056010e44',4,'@ref[Catalog_Equipment]:06b50a76-ea89-11e5-80db-005056011152','@ref[Catalog_EquipmentOptions]:13bd18c1-d63d-11e5-80d9-005056011152','',0,0);
INSERT INTO `_Catalog_Equipment_Parameters` (Id,LineNumber,Ref,Parameter,Val,IsTombstone,IsDirty) VALUES ('@ref[Catalog_Equipment_Parameters]:ecd3aee7-671c-e611-80c3-005056010e44',7,'@ref[Catalog_Equipment]:f13f6abb-f63a-11e5-80e3-005056011152','@ref[Catalog_EquipmentOptions]:9e845e20-df85-11e5-80d9-005056011152','07.03.2016 0:00:00',0,0);
INSERT INTO `_Catalog_Equipment_Parameters` (Id,LineNumber,Ref,Parameter,Val,IsTombstone,IsDirty) VALUES ('@ref[Catalog_Equipment_Parameters]:ebd3aee7-671c-e611-80c3-005056010e44',6,'@ref[Catalog_Equipment]:f13f6abb-f63a-11e5-80e3-005056011152','@ref[Catalog_EquipmentOptions]:9e845e1f-df85-11e5-80d9-005056011152','',0,0);
INSERT INTO `_Catalog_Equipment_Parameters` (Id,LineNumber,Ref,Parameter,Val,IsTombstone,IsDirty) VALUES ('@ref[Catalog_Equipment_Parameters]:ead3aee7-671c-e611-80c3-005056010e44',5,'@ref[Catalog_Equipment]:f13f6abb-f63a-11e5-80e3-005056011152','@ref[Catalog_EquipmentOptions]:9e845e1e-df85-11e5-80d9-005056011152','',0,0);
INSERT INTO `_Catalog_Equipment_Parameters` (Id,LineNumber,Ref,Parameter,Val,IsTombstone,IsDirty) VALUES ('@ref[Catalog_Equipment_Parameters]:e9d3aee7-671c-e611-80c3-005056010e44',3,'@ref[Catalog_Equipment]:f13f6abb-f63a-11e5-80e3-005056011152','@ref[Catalog_EquipmentOptions]:14b1e7e8-c34a-11e5-80d9-005056011152','',0,0);
INSERT INTO `_Catalog_Equipment_Parameters` (Id,LineNumber,Ref,Parameter,Val,IsTombstone,IsDirty) VALUES ('@ref[Catalog_Equipment_Parameters]:e8d3aee7-671c-e611-80c3-005056010e44',2,'@ref[Catalog_Equipment]:f13f6abb-f63a-11e5-80e3-005056011152','@ref[Catalog_EquipmentOptions]:14b1e7e7-c34a-11e5-80d9-005056011152','a1de41b1-746b-7e49-9445-cca70c2c6a9c',0,0);
INSERT INTO `_Catalog_Equipment_Parameters` (Id,LineNumber,Ref,Parameter,Val,IsTombstone,IsDirty) VALUES ('@ref[Catalog_Equipment_Parameters]:e7d3aee7-671c-e611-80c3-005056010e44',1,'@ref[Catalog_Equipment]:f13f6abb-f63a-11e5-80e3-005056011152','@ref[Catalog_EquipmentOptions]:14b1e7e6-c34a-11e5-80d9-005056011152','',0,0);
INSERT INTO `_Catalog_Equipment_Parameters` (Id,LineNumber,Ref,Parameter,Val,IsTombstone,IsDirty) VALUES ('@ref[Catalog_Equipment_Parameters]:e6d3aee7-671c-e611-80c3-005056010e44',4,'@ref[Catalog_Equipment]:f13f6abb-f63a-11e5-80e3-005056011152','@ref[Catalog_EquipmentOptions]:13bd18c1-d63d-11e5-80d9-005056011152','123-аа',0,0);
INSERT INTO `_Catalog_Equipment_Parameters` (Id,LineNumber,Ref,Parameter,Val,IsTombstone,IsDirty) VALUES ('@ref[Catalog_Equipment_Parameters]:fed3aee7-671c-e611-80c3-005056010e44',9,'@ref[Catalog_Equipment]:744ab532-053f-11e6-80e3-005056011152','@ref[Catalog_EquipmentOptions]:d61ab35c-f98b-11e5-80e3-005056011152','',0,0);
INSERT INTO `_Catalog_Equipment_Parameters` (Id,LineNumber,Ref,Parameter,Val,IsTombstone,IsDirty) VALUES ('@ref[Catalog_Equipment_Parameters]:fdd3aee7-671c-e611-80c3-005056010e44',8,'@ref[Catalog_Equipment]:744ab532-053f-11e6-80e3-005056011152','@ref[Catalog_EquipmentOptions]:d61ab35b-f98b-11e5-80e3-005056011152','',0,0);
INSERT INTO `_Catalog_Equipment_Parameters` (Id,LineNumber,Ref,Parameter,Val,IsTombstone,IsDirty) VALUES ('@ref[Catalog_Equipment_Parameters]:fcd3aee7-671c-e611-80c3-005056010e44',7,'@ref[Catalog_Equipment]:744ab532-053f-11e6-80e3-005056011152','@ref[Catalog_EquipmentOptions]:9e845e20-df85-11e5-80d9-005056011152','',0,0);
INSERT INTO `_Catalog_Equipment_Parameters` (Id,LineNumber,Ref,Parameter,Val,IsTombstone,IsDirty) VALUES ('@ref[Catalog_Equipment_Parameters]:fbd3aee7-671c-e611-80c3-005056010e44',6,'@ref[Catalog_Equipment]:744ab532-053f-11e6-80e3-005056011152','@ref[Catalog_EquipmentOptions]:9e845e1f-df85-11e5-80d9-005056011152','',0,0);
INSERT INTO `_Catalog_Equipment_Parameters` (Id,LineNumber,Ref,Parameter,Val,IsTombstone,IsDirty) VALUES ('@ref[Catalog_Equipment_Parameters]:fad3aee7-671c-e611-80c3-005056010e44',5,'@ref[Catalog_Equipment]:744ab532-053f-11e6-80e3-005056011152','@ref[Catalog_EquipmentOptions]:9e845e1e-df85-11e5-80d9-005056011152','',0,0);
INSERT INTO `_Catalog_Equipment_Parameters` (Id,LineNumber,Ref,Parameter,Val,IsTombstone,IsDirty) VALUES ('@ref[Catalog_Equipment_Parameters]:f9d3aee7-671c-e611-80c3-005056010e44',3,'@ref[Catalog_Equipment]:744ab532-053f-11e6-80e3-005056011152','@ref[Catalog_EquipmentOptions]:14b1e7e8-c34a-11e5-80d9-005056011152','',0,0);
INSERT INTO `_Catalog_Equipment_Parameters` (Id,LineNumber,Ref,Parameter,Val,IsTombstone,IsDirty) VALUES ('@ref[Catalog_Equipment_Parameters]:f8d3aee7-671c-e611-80c3-005056010e44',2,'@ref[Catalog_Equipment]:744ab532-053f-11e6-80e3-005056011152','@ref[Catalog_EquipmentOptions]:14b1e7e7-c34a-11e5-80d9-005056011152','b9d7010f-b93c-5ead-1564-315007a7dd36',0,0);
INSERT INTO `_Catalog_Equipment_Parameters` (Id,LineNumber,Ref,Parameter,Val,IsTombstone,IsDirty) VALUES ('@ref[Catalog_Equipment_Parameters]:f7d3aee7-671c-e611-80c3-005056010e44',1,'@ref[Catalog_Equipment]:744ab532-053f-11e6-80e3-005056011152','@ref[Catalog_EquipmentOptions]:14b1e7e6-c34a-11e5-80d9-005056011152','',0,0);
INSERT INTO `_Catalog_Equipment_Parameters` (Id,LineNumber,Ref,Parameter,Val,IsTombstone,IsDirty) VALUES ('@ref[Catalog_Equipment_Parameters]:f6d3aee7-671c-e611-80c3-005056010e44',4,'@ref[Catalog_Equipment]:744ab532-053f-11e6-80e3-005056011152','@ref[Catalog_EquipmentOptions]:13bd18c1-d63d-11e5-80d9-005056011152','',0,0);
INSERT INTO `_Catalog_Equipment_Parameters` (Id,LineNumber,Ref,Parameter,Val,IsTombstone,IsDirty) VALUES ('@ref[Catalog_Equipment_Parameters]:0dd4aee7-671c-e611-80c3-005056010e44',9,'@ref[Catalog_Equipment]:c90b0558-05fc-11e6-80e3-005056011152','@ref[Catalog_EquipmentOptions]:d61ab35c-f98b-11e5-80e3-005056011152','',0,0);
INSERT INTO `_Catalog_Equipment_Parameters` (Id,LineNumber,Ref,Parameter,Val,IsTombstone,IsDirty) VALUES ('@ref[Catalog_Equipment_Parameters]:0cd4aee7-671c-e611-80c3-005056010e44',8,'@ref[Catalog_Equipment]:c90b0558-05fc-11e6-80e3-005056011152','@ref[Catalog_EquipmentOptions]:d61ab35b-f98b-11e5-80e3-005056011152','Новое',0,0);
INSERT INTO `_Catalog_Equipment_Parameters` (Id,LineNumber,Ref,Parameter,Val,IsTombstone,IsDirty) VALUES ('@ref[Catalog_Equipment_Parameters]:0bd4aee7-671c-e611-80c3-005056010e44',7,'@ref[Catalog_Equipment]:c90b0558-05fc-11e6-80e3-005056011152','@ref[Catalog_EquipmentOptions]:9e845e20-df85-11e5-80d9-005056011152','28.03.2016 0:00:00',0,0);
INSERT INTO `_Catalog_Equipment_Parameters` (Id,LineNumber,Ref,Parameter,Val,IsTombstone,IsDirty) VALUES ('@ref[Catalog_Equipment_Parameters]:0ad4aee7-671c-e611-80c3-005056010e44',6,'@ref[Catalog_Equipment]:c90b0558-05fc-11e6-80e3-005056011152','@ref[Catalog_EquipmentOptions]:9e845e1f-df85-11e5-80d9-005056011152','',0,0);
INSERT INTO `_Catalog_Equipment_Parameters` (Id,LineNumber,Ref,Parameter,Val,IsTombstone,IsDirty) VALUES ('@ref[Catalog_Equipment_Parameters]:09d4aee7-671c-e611-80c3-005056010e44',5,'@ref[Catalog_Equipment]:c90b0558-05fc-11e6-80e3-005056011152','@ref[Catalog_EquipmentOptions]:9e845e1e-df85-11e5-80d9-005056011152','',0,0);
INSERT INTO `_Catalog_Equipment_Parameters` (Id,LineNumber,Ref,Parameter,Val,IsTombstone,IsDirty) VALUES ('@ref[Catalog_Equipment_Parameters]:08d4aee7-671c-e611-80c3-005056010e44',3,'@ref[Catalog_Equipment]:c90b0558-05fc-11e6-80e3-005056011152','@ref[Catalog_EquipmentOptions]:14b1e7e8-c34a-11e5-80d9-005056011152','а12',0,0);
INSERT INTO `_Catalog_Equipment_Parameters` (Id,LineNumber,Ref,Parameter,Val,IsTombstone,IsDirty) VALUES ('@ref[Catalog_Equipment_Parameters]:07d4aee7-671c-e611-80c3-005056010e44',2,'@ref[Catalog_Equipment]:c90b0558-05fc-11e6-80e3-005056011152','@ref[Catalog_EquipmentOptions]:14b1e7e7-c34a-11e5-80d9-005056011152','e2cf5dea-6607-b7fb-1950-339b19a13e1c',0,0);
INSERT INTO `_Catalog_Equipment_Parameters` (Id,LineNumber,Ref,Parameter,Val,IsTombstone,IsDirty) VALUES ('@ref[Catalog_Equipment_Parameters]:06d4aee7-671c-e611-80c3-005056010e44',1,'@ref[Catalog_Equipment]:c90b0558-05fc-11e6-80e3-005056011152','@ref[Catalog_EquipmentOptions]:14b1e7e6-c34a-11e5-80d9-005056011152','',0,0);
INSERT INTO `_Catalog_Equipment_Parameters` (Id,LineNumber,Ref,Parameter,Val,IsTombstone,IsDirty) VALUES ('@ref[Catalog_Equipment_Parameters]:05d4aee7-671c-e611-80c3-005056010e44',4,'@ref[Catalog_Equipment]:c90b0558-05fc-11e6-80e3-005056011152','@ref[Catalog_EquipmentOptions]:13bd18c1-d63d-11e5-80d9-005056011152','12-221',0,0);
INSERT INTO `_Catalog_Equipment_Parameters` (Id,LineNumber,Ref,Parameter,Val,IsTombstone,IsDirty) VALUES ('@ref[Catalog_Equipment_Parameters]:25d4aee7-671c-e611-80c3-005056010e44',9,'@ref[Catalog_Equipment]:72ec6d7d-0aec-11e6-80e3-005056011152','@ref[Catalog_EquipmentOptions]:d61ab35c-f98b-11e5-80e3-005056011152','',0,0);
INSERT INTO `_Catalog_Equipment_Parameters` (Id,LineNumber,Ref,Parameter,Val,IsTombstone,IsDirty) VALUES ('@ref[Catalog_Equipment_Parameters]:24d4aee7-671c-e611-80c3-005056010e44',8,'@ref[Catalog_Equipment]:72ec6d7d-0aec-11e6-80e3-005056011152','@ref[Catalog_EquipmentOptions]:d61ab35b-f98b-11e5-80e3-005056011152','',0,0);
INSERT INTO `_Catalog_Equipment_Parameters` (Id,LineNumber,Ref,Parameter,Val,IsTombstone,IsDirty) VALUES ('@ref[Catalog_Equipment_Parameters]:23d4aee7-671c-e611-80c3-005056010e44',7,'@ref[Catalog_Equipment]:72ec6d7d-0aec-11e6-80e3-005056011152','@ref[Catalog_EquipmentOptions]:9e845e20-df85-11e5-80d9-005056011152','',0,0);
INSERT INTO `_Catalog_Equipment_Parameters` (Id,LineNumber,Ref,Parameter,Val,IsTombstone,IsDirty) VALUES ('@ref[Catalog_Equipment_Parameters]:22d4aee7-671c-e611-80c3-005056010e44',6,'@ref[Catalog_Equipment]:72ec6d7d-0aec-11e6-80e3-005056011152','@ref[Catalog_EquipmentOptions]:9e845e1f-df85-11e5-80d9-005056011152','',0,0);
INSERT INTO `_Catalog_Equipment_Parameters` (Id,LineNumber,Ref,Parameter,Val,IsTombstone,IsDirty) VALUES ('@ref[Catalog_Equipment_Parameters]:21d4aee7-671c-e611-80c3-005056010e44',5,'@ref[Catalog_Equipment]:72ec6d7d-0aec-11e6-80e3-005056011152','@ref[Catalog_EquipmentOptions]:9e845e1e-df85-11e5-80d9-005056011152','',0,0);
INSERT INTO `_Catalog_Equipment_Parameters` (Id,LineNumber,Ref,Parameter,Val,IsTombstone,IsDirty) VALUES ('@ref[Catalog_Equipment_Parameters]:20d4aee7-671c-e611-80c3-005056010e44',3,'@ref[Catalog_Equipment]:72ec6d7d-0aec-11e6-80e3-005056011152','@ref[Catalog_EquipmentOptions]:14b1e7e8-c34a-11e5-80d9-005056011152','',0,0);
INSERT INTO `_Catalog_Equipment_Parameters` (Id,LineNumber,Ref,Parameter,Val,IsTombstone,IsDirty) VALUES ('@ref[Catalog_Equipment_Parameters]:1fd4aee7-671c-e611-80c3-005056010e44',2,'@ref[Catalog_Equipment]:72ec6d7d-0aec-11e6-80e3-005056011152','@ref[Catalog_EquipmentOptions]:14b1e7e7-c34a-11e5-80d9-005056011152','9ae38f1d-9e94-7d58-b5fe-f01ef3c4bf21',0,0);
INSERT INTO `_Catalog_Equipment_Parameters` (Id,LineNumber,Ref,Parameter,Val,IsTombstone,IsDirty) VALUES ('@ref[Catalog_Equipment_Parameters]:1ed4aee7-671c-e611-80c3-005056010e44',10,'@ref[Catalog_Equipment]:72ec6d7d-0aec-11e6-80e3-005056011152','@ref[Catalog_EquipmentOptions]:14b1e7e7-c34a-11e5-80d9-005056011152','136ccadd-5cd3-daee-a5a3-5edb06ca5606',0,0);
INSERT INTO `_Catalog_Equipment_Parameters` (Id,LineNumber,Ref,Parameter,Val,IsTombstone,IsDirty) VALUES ('@ref[Catalog_Equipment_Parameters]:1dd4aee7-671c-e611-80c3-005056010e44',1,'@ref[Catalog_Equipment]:72ec6d7d-0aec-11e6-80e3-005056011152','@ref[Catalog_EquipmentOptions]:14b1e7e6-c34a-11e5-80d9-005056011152','',0,0);
INSERT INTO `_Catalog_Equipment_Parameters` (Id,LineNumber,Ref,Parameter,Val,IsTombstone,IsDirty) VALUES ('@ref[Catalog_Equipment_Parameters]:1cd4aee7-671c-e611-80c3-005056010e44',4,'@ref[Catalog_Equipment]:72ec6d7d-0aec-11e6-80e3-005056011152','@ref[Catalog_EquipmentOptions]:13bd18c1-d63d-11e5-80d9-005056011152','',0,0);
INSERT INTO `_Catalog_Equipment_Files` (Id,Ref,LineNumber,FullFileName,FileName,IsTombstone,IsDirty) VALUES ('@ref[Catalog_Equipment_Files]:e7d2aee7-671c-e611-80c3-005056010e44','@ref[Catalog_Equipment]:18495925-b92e-11e5-80d9-005056011152',1,'/shared/Catalog.Equipment/18495925-b92e-11e5-80d9-005056011152/dee338c4-f4a9-1a92-bbbc-f0de8a87a4f7.jpg','dee338c4-f4a9-1a92-bbbc-f0de8a87a4f7',0,0);
INSERT INTO `_Catalog_Equipment_Files` (Id,Ref,LineNumber,FullFileName,FileName,IsTombstone,IsDirty) VALUES ('@ref[Catalog_Equipment_Files]:f4d2aee7-671c-e611-80c3-005056010e44','@ref[Catalog_Equipment]:18495929-b92e-11e5-80d9-005056011152',1,'/shared/Catalog.Equipment/18495929-b92e-11e5-80d9-005056011152/b18af171-a939-d734-c624-02047e01c748.jpg','b18af171-a939-d734-c624-02047e01c748',0,0);
INSERT INTO `_Catalog_Equipment_Files` (Id,Ref,LineNumber,FullFileName,FileName,IsTombstone,IsDirty) VALUES ('@ref[Catalog_Equipment_Files]:0dd3aee7-671c-e611-80c3-005056010e44','@ref[Catalog_Equipment]:13bd18c0-d63d-11e5-80d9-005056011152',1,'/shared/Catalog.Equipment/13bd18c0-d63d-11e5-80d9-005056011152/951b1e4c-5745-88cd-3e3d-6bacf1684c45.png','951b1e4c-5745-88cd-3e3d-6bacf1684c45',0,0);
INSERT INTO `_Catalog_Equipment_Files` (Id,Ref,LineNumber,FullFileName,FileName,IsTombstone,IsDirty) VALUES ('@ref[Catalog_Equipment_Files]:17d3aee7-671c-e611-80c3-005056010e44','@ref[Catalog_Equipment]:f2b77ce4-db8b-11e5-80d9-005056011152',1,'/shared/Catalog.Equipment/f2b77ce4-db8b-11e5-80d9-005056011152/899a9709-7d38-1862-dd60-f9f3c70823df.jpg','899a9709-7d38-1862-dd60-f9f3c70823df',0,0);
INSERT INTO `_Catalog_Equipment_Files` (Id,Ref,LineNumber,FullFileName,FileName,IsTombstone,IsDirty) VALUES ('@ref[Catalog_Equipment_Files]:59d3aee7-671c-e611-80c3-005056010e44','@ref[Catalog_Equipment]:92c94c34-e113-11e5-80d9-005056011152',1,'/shared/Catalog.Equipment/92c94c34-e113-11e5-80d9-005056011152/fa7723f1-3c8b-0728-33cb-875fd3e27e7a.jpg','fa7723f1-3c8b-0728-33cb-875fd3e27e7a',0,0);
INSERT INTO `_Catalog_Equipment_Files` (Id,Ref,LineNumber,FullFileName,FileName,IsTombstone,IsDirty) VALUES ('@ref[Catalog_Equipment_Files]:87d3aee7-671c-e611-80c3-005056010e44','@ref[Catalog_Equipment]:729d7c2a-e1d5-11e5-80d9-005056011152',1,'/shared/Catalog.Equipment/729d7c2a-e1d5-11e5-80d9-005056011152/f74394a3-9bf5-d75c-5c7e-f8e817757038.jpg','f74394a3-9bf5-d75c-5c7e-f8e817757038',0,0);
INSERT INTO `_Catalog_Equipment_Files` (Id,Ref,LineNumber,FullFileName,FileName,IsTombstone,IsDirty) VALUES ('@ref[Catalog_Equipment_Files]:9cd3aee7-671c-e611-80c3-005056010e44','@ref[Catalog_Equipment]:7c58129f-e5db-11e5-80d9-005056011152',1,'/shared/Catalog.Equipment/7c58129f-e5db-11e5-80d9-005056011152/e5b9a2c4-38f7-a792-91b9-f81497fcb789.jpg','e5b9a2c4-38f7-a792-91b9-f81497fcb789',0,0);
INSERT INTO `_Catalog_Equipment_Files` (Id,Ref,LineNumber,FullFileName,FileName,IsTombstone,IsDirty) VALUES ('@ref[Catalog_Equipment_Files]:a6d3aee7-671c-e611-80c3-005056010e44','@ref[Catalog_Equipment]:06b50a76-ea89-11e5-80db-005056011152',1,'/shared/Catalog.Equipment/06b50a76-ea89-11e5-80db-005056011152/6dfcf523-2e45-86ab-26b6-23a7b2eee5fb.jpg','6dfcf523-2e45-86ab-26b6-23a7b2eee5fb',0,0);
INSERT INTO `_Catalog_Equipment_Files` (Id,Ref,LineNumber,FullFileName,FileName,IsTombstone,IsDirty) VALUES ('@ref[Catalog_Equipment_Files]:e5d3aee7-671c-e611-80c3-005056010e44','@ref[Catalog_Equipment]:f13f6abb-f63a-11e5-80e3-005056011152',1,'/shared/Catalog.Equipment/f13f6abb-f63a-11e5-80e3-005056011152/a1de41b1-746b-7e49-9445-cca70c2c6a9c.jpg','a1de41b1-746b-7e49-9445-cca70c2c6a9c',0,0);
INSERT INTO `_Catalog_Equipment_Files` (Id,Ref,LineNumber,FullFileName,FileName,IsTombstone,IsDirty) VALUES ('@ref[Catalog_Equipment_Files]:f5d3aee7-671c-e611-80c3-005056010e44','@ref[Catalog_Equipment]:744ab532-053f-11e6-80e3-005056011152',1,'/shared/Catalog.Equipment/744ab532-053f-11e6-80e3-005056011152/b9d7010f-b93c-5ead-1564-315007a7dd36.jpg','b9d7010f-b93c-5ead-1564-315007a7dd36',0,0);
INSERT INTO `_Catalog_Equipment_Files` (Id,Ref,LineNumber,FullFileName,FileName,IsTombstone,IsDirty) VALUES ('@ref[Catalog_Equipment_Files]:03d4aee7-671c-e611-80c3-005056010e44','@ref[Catalog_Equipment]:c90b0558-05fc-11e6-80e3-005056011152',1,'/shared/Catalog.Equipment/c90b0558-05fc-11e6-80e3-005056011152/4e274a64-6595-5c24-d339-5ae59aa5df4a.jpeg','4e274a64-6595-5c24-d339-5ae59aa5df4a',0,0);
INSERT INTO `_Catalog_Equipment_Files` (Id,Ref,LineNumber,FullFileName,FileName,IsTombstone,IsDirty) VALUES ('@ref[Catalog_Equipment_Files]:04d4aee7-671c-e611-80c3-005056010e44','@ref[Catalog_Equipment]:c90b0558-05fc-11e6-80e3-005056011152',1,'/shared/Catalog.Equipment/c90b0558-05fc-11e6-80e3-005056011152/e2cf5dea-6607-b7fb-1950-339b19a13e1c.jpg','e2cf5dea-6607-b7fb-1950-339b19a13e1c',0,0);
INSERT INTO `_Catalog_Equipment_Files` (Id,Ref,LineNumber,FullFileName,FileName,IsTombstone,IsDirty) VALUES ('@ref[Catalog_Equipment_Files]:1ad4aee7-671c-e611-80c3-005056010e44','@ref[Catalog_Equipment]:72ec6d7d-0aec-11e6-80e3-005056011152',1,'/shared/Catalog.Equipment/72ec6d7d-0aec-11e6-80e3-005056011152/136ccadd-5cd3-daee-a5a3-5edb06ca5606.jpg','136ccadd-5cd3-daee-a5a3-5edb06ca5606',0,0);
INSERT INTO `_Catalog_Equipment_Files` (Id,Ref,LineNumber,FullFileName,FileName,IsTombstone,IsDirty) VALUES ('@ref[Catalog_Equipment_Files]:1bd4aee7-671c-e611-80c3-005056010e44','@ref[Catalog_Equipment]:72ec6d7d-0aec-11e6-80e3-005056011152',1,'/shared/Catalog.Equipment/72ec6d7d-0aec-11e6-80e3-005056011152/9ae38f1d-9e94-7d58-b5fe-f01ef3c4bf21.jpg','9ae38f1d-9e94-7d58-b5fe-f01ef3c4bf21',0,0);
INSERT INTO `_Catalog_Equipment_EquiementsHistory` (Id,LineNumber,Period,Client,Ref,Equiements,Target,Result,ObjectGet,Comment,Executor,IsTombstone,IsDirty) VALUES ('@ref[Catalog_Equipment_EquiementsHistory]:ded2aee7-671c-e611-80c3-005056010e44',1,'2016-04-02 22:00:08','@ref[Catalog_Client]:56087fac-b90f-11e5-80d9-005056011152','@ref[Catalog_Equipment]:56087fb5-b90f-11e5-80d9-005056011152','@ref[Catalog_Equipment]:56087fb5-b90f-11e5-80d9-005056011152','Проверь за одно','@ref[Enum_ResultEvent]:81270b2c-190a-faf2-440f-4a593042495e','Наряд 000000050 от 3/10/2016 5:20:19 PM','','@ref[Catalog_User]:56087fb7-b90f-11e5-80d9-005056011152',0,0);
INSERT INTO `_Catalog_Equipment_EquiementsHistory` (Id,LineNumber,Period,Client,Ref,Equiements,Target,Result,ObjectGet,Comment,Executor,IsTombstone,IsDirty) VALUES ('@ref[Catalog_Equipment_EquiementsHistory]:e4d2aee7-671c-e611-80c3-005056010e44',1,'2016-02-18 16:24:24','@ref[Catalog_Client]:18495924-b92e-11e5-80d9-005056011152','@ref[Catalog_Equipment]:18495925-b92e-11e5-80d9-005056011152','@ref[Catalog_Equipment]:18495925-b92e-11e5-80d9-005056011152','','@ref[Enum_ResultEvent]:81270b2c-190a-faf2-440f-4a593042495e','Событие 000000011 от 18.02.2016 15:42:32','Все проверил, все работает','@ref[Catalog_User]:56087fb7-b90f-11e5-80d9-005056011152',0,0);
INSERT INTO `_Catalog_Equipment_EquiementsHistory` (Id,LineNumber,Period,Client,Ref,Equiements,Target,Result,ObjectGet,Comment,Executor,IsTombstone,IsDirty) VALUES ('@ref[Catalog_Equipment_EquiementsHistory]:e5d2aee7-671c-e611-80c3-005056010e44',1,'2016-03-01 18:27:42','@ref[Catalog_Client]:18495928-b92e-11e5-80d9-005056011152','@ref[Catalog_Equipment]:18495925-b92e-11e5-80d9-005056011152','@ref[Catalog_Equipment]:18495925-b92e-11e5-80d9-005056011152','','@ref[Enum_ResultEvent]:9956cf47-e216-522e-48f6-8aba06fc9a5e','Событие 000000018 от 25.02.2016 18:25:47','Так вышло,не было доступа в кабинет ','@ref[Catalog_User]:56087fb7-b90f-11e5-80d9-005056011152',0,0);
INSERT INTO `_Catalog_Equipment_EquiementsHistory` (Id,LineNumber,Period,Client,Ref,Equiements,Target,Result,ObjectGet,Comment,Executor,IsTombstone,IsDirty) VALUES ('@ref[Catalog_Equipment_EquiementsHistory]:e6d2aee7-671c-e611-80c3-005056010e44',1,'2016-04-20 20:10:33','@ref[Catalog_Client]:18495928-b92e-11e5-80d9-005056011152','@ref[Catalog_Equipment]:18495925-b92e-11e5-80d9-005056011152','@ref[Catalog_Equipment]:18495925-b92e-11e5-80d9-005056011152','','@ref[Enum_ResultEvent]:81270b2c-190a-faf2-440f-4a593042495e','Событие 1121252 от 4/15/2016 1:45:30 PM','','@ref[Catalog_User]:56087fb7-b90f-11e5-80d9-005056011152',0,0);
INSERT INTO `_Catalog_Equipment_EquiementsHistory` (Id,LineNumber,Period,Client,Ref,Equiements,Target,Result,ObjectGet,Comment,Executor,IsTombstone,IsDirty) VALUES ('@ref[Catalog_Equipment_EquiementsHistory]:edd2aee7-671c-e611-80c3-005056010e44',1,'2016-03-01 18:27:42','@ref[Catalog_Client]:18495928-b92e-11e5-80d9-005056011152','@ref[Catalog_Equipment]:18495929-b92e-11e5-80d9-005056011152','@ref[Catalog_Equipment]:18495929-b92e-11e5-80d9-005056011152','установить ','@ref[Enum_ResultEvent]:81270b2c-190a-faf2-440f-4a593042495e','Событие 000000018 от 25.02.2016 18:25:47','','@ref[Catalog_User]:56087fb7-b90f-11e5-80d9-005056011152',0,0);
INSERT INTO `_Catalog_Equipment_EquiementsHistory` (Id,LineNumber,Period,Client,Ref,Equiements,Target,Result,ObjectGet,Comment,Executor,IsTombstone,IsDirty) VALUES ('@ref[Catalog_Equipment_EquiementsHistory]:eed2aee7-671c-e611-80c3-005056010e44',1,'2016-03-22 20:17:42','@ref[Catalog_Client]:18495928-b92e-11e5-80d9-005056011152','@ref[Catalog_Equipment]:18495929-b92e-11e5-80d9-005056011152','@ref[Catalog_Equipment]:18495929-b92e-11e5-80d9-005056011152','Превый выезд, установть и подключить. Проверить что все работает','@ref[Enum_ResultEvent]:81270b2c-190a-faf2-440f-4a593042495e','Событие 1121223 от 22.03.2016 19:10:08','все установил, проблем не было','@ref[Catalog_User]:da98befe-ef7b-11e5-80db-005056011152',0,0);
INSERT INTO `_Catalog_Equipment_EquiementsHistory` (Id,LineNumber,Period,Client,Ref,Equiements,Target,Result,ObjectGet,Comment,Executor,IsTombstone,IsDirty) VALUES ('@ref[Catalog_Equipment_EquiementsHistory]:efd2aee7-671c-e611-80c3-005056010e44',1,'2016-03-28 15:43:56','@ref[Catalog_Client]:18495928-b92e-11e5-80d9-005056011152','@ref[Catalog_Equipment]:18495929-b92e-11e5-80d9-005056011152','@ref[Catalog_Equipment]:18495929-b92e-11e5-80d9-005056011152','постоянные сбои','@ref[Enum_ResultEvent]:81270b2c-190a-faf2-440f-4a593042495e','Событие 1121226 от 23.03.2016 15:36:29','','@ref[Catalog_User]:da98befe-ef7b-11e5-80db-005056011152',0,0);
INSERT INTO `_Catalog_Equipment_EquiementsHistory` (Id,LineNumber,Period,Client,Ref,Equiements,Target,Result,ObjectGet,Comment,Executor,IsTombstone,IsDirty) VALUES ('@ref[Catalog_Equipment_EquiementsHistory]:f0d2aee7-671c-e611-80c3-005056010e44',1,'2016-04-04 17:39:59','@ref[Catalog_Client]:18495928-b92e-11e5-80d9-005056011152','@ref[Catalog_Equipment]:18495929-b92e-11e5-80d9-005056011152','@ref[Catalog_Equipment]:18495929-b92e-11e5-80d9-005056011152','','@ref[Enum_ResultEvent]:81270b2c-190a-faf2-440f-4a593042495e','Событие 000000055 от 3/14/2016 10:39:28 AM','','@ref[Catalog_User]:56087fb7-b90f-11e5-80d9-005056011152',0,0);
INSERT INTO `_Catalog_Equipment_EquiementsHistory` (Id,LineNumber,Period,Client,Ref,Equiements,Target,Result,ObjectGet,Comment,Executor,IsTombstone,IsDirty) VALUES ('@ref[Catalog_Equipment_EquiementsHistory]:f1d2aee7-671c-e611-80c3-005056010e44',1,'2016-04-15 14:40:33','@ref[Catalog_Client]:18495928-b92e-11e5-80d9-005056011152','@ref[Catalog_Equipment]:18495929-b92e-11e5-80d9-005056011152','@ref[Catalog_Equipment]:18495929-b92e-11e5-80d9-005056011152','Постоянно выдетает','@ref[Enum_ResultEvent]:81270b2c-190a-faf2-440f-4a593042495e','Событие 1121251 от 15.04.2016 11:30:28','','@ref[Catalog_User]:56087fb7-b90f-11e5-80d9-005056011152',0,0);
INSERT INTO `_Catalog_Equipment_EquiementsHistory` (Id,LineNumber,Period,Client,Ref,Equiements,Target,Result,ObjectGet,Comment,Executor,IsTombstone,IsDirty) VALUES ('@ref[Catalog_Equipment_EquiementsHistory]:f2d2aee7-671c-e611-80c3-005056010e44',1,'2016-04-18 09:38:43','@ref[Catalog_Client]:18495928-b92e-11e5-80d9-005056011152','@ref[Catalog_Equipment]:18495929-b92e-11e5-80d9-005056011152','@ref[Catalog_Equipment]:18495929-b92e-11e5-80d9-005056011152','плвновое обследование','@ref[Enum_ResultEvent]:81270b2c-190a-faf2-440f-4a593042495e','Событие 1121225 от 23.03.2016 14:29:35','','@ref[Catalog_User]:56087fb7-b90f-11e5-80d9-005056011152',0,0);
INSERT INTO `_Catalog_Equipment_EquiementsHistory` (Id,LineNumber,Period,Client,Ref,Equiements,Target,Result,ObjectGet,Comment,Executor,IsTombstone,IsDirty) VALUES ('@ref[Catalog_Equipment_EquiementsHistory]:f3d2aee7-671c-e611-80c3-005056010e44',1,'2016-05-09 23:39:24','@ref[Catalog_Client]:18495928-b92e-11e5-80d9-005056011152','@ref[Catalog_Equipment]:18495929-b92e-11e5-80d9-005056011152','@ref[Catalog_Equipment]:18495929-b92e-11e5-80d9-005056011152','','@ref[Enum_ResultEvent]:81270b2c-190a-faf2-440f-4a593042495e','Событие 1121260 от 4/25/2016 2:48:58 PM','','@ref[Catalog_User]:56087fb7-b90f-11e5-80d9-005056011152',0,0);
INSERT INTO `_Catalog_Equipment_EquiementsHistory` (Id,LineNumber,Period,Client,Ref,Equiements,Target,Result,ObjectGet,Comment,Executor,IsTombstone,IsDirty) VALUES ('@ref[Catalog_Equipment_EquiementsHistory]:07d3aee7-671c-e611-80c3-005056010e44',1,'2016-02-18 16:22:53','@ref[Catalog_Client]:56087fac-b90f-11e5-80d9-005056011152','@ref[Catalog_Equipment]:13bd18c0-d63d-11e5-80d9-005056011152','@ref[Catalog_Equipment]:13bd18c0-d63d-11e5-80d9-005056011152','Проверить что все работает','@ref[Enum_ResultEvent]:81270b2c-190a-faf2-440f-4a593042495e','Событие 000000012 от 18.02.2016 16:17:36','Все работает, в следующий раз проверить фильтрыя','@ref[Catalog_User]:56087fb7-b90f-11e5-80d9-005056011152',0,0);
INSERT INTO `_Catalog_Equipment_EquiementsHistory` (Id,LineNumber,Period,Client,Ref,Equiements,Target,Result,ObjectGet,Comment,Executor,IsTombstone,IsDirty) VALUES ('@ref[Catalog_Equipment_EquiementsHistory]:08d3aee7-671c-e611-80c3-005056010e44',1,'2016-02-18 16:58:24','@ref[Catalog_Client]:56087fac-b90f-11e5-80d9-005056011152','@ref[Catalog_Equipment]:13bd18c0-d63d-11e5-80d9-005056011152','@ref[Catalog_Equipment]:13bd18c0-d63d-11e5-80d9-005056011152','проверить что все нормально работает','@ref[Enum_ResultEvent]:81270b2c-190a-faf2-440f-4a593042495e','Событие 000000013 от 18.02.2016 16:27:08','Не хватило материалов ','@ref[Catalog_User]:56087fb7-b90f-11e5-80d9-005056011152',0,0);
INSERT INTO `_Catalog_Equipment_EquiementsHistory` (Id,LineNumber,Period,Client,Ref,Equiements,Target,Result,ObjectGet,Comment,Executor,IsTombstone,IsDirty) VALUES ('@ref[Catalog_Equipment_EquiementsHistory]:09d3aee7-671c-e611-80c3-005056010e44',1,'2016-02-18 17:26:29','@ref[Catalog_Client]:56087fac-b90f-11e5-80d9-005056011152','@ref[Catalog_Equipment]:13bd18c0-d63d-11e5-80d9-005056011152','@ref[Catalog_Equipment]:13bd18c0-d63d-11e5-80d9-005056011152','Плановый ремонт','@ref[Enum_ResultEvent]:81270b2c-190a-faf2-440f-4a593042495e','Событие 000000014 от 18.02.2016 17:01:11','','@ref[Catalog_User]:56087fb7-b90f-11e5-80d9-005056011152',0,0);
INSERT INTO `_Catalog_Equipment_EquiementsHistory` (Id,LineNumber,Period,Client,Ref,Equiements,Target,Result,ObjectGet,Comment,Executor,IsTombstone,IsDirty) VALUES ('@ref[Catalog_Equipment_EquiementsHistory]:0ad3aee7-671c-e611-80c3-005056010e44',1,'2016-02-29 11:44:29','@ref[Catalog_Client]:56087fac-b90f-11e5-80d9-005056011152','@ref[Catalog_Equipment]:13bd18c0-d63d-11e5-80d9-005056011152','@ref[Catalog_Equipment]:13bd18c0-d63d-11e5-80d9-005056011152','Прмочь в наладке','@ref[Enum_ResultEvent]:81270b2c-190a-faf2-440f-4a593042495e','Событие 000000023 от 29.02.2016 11:39:45','Все сделали, все работает','@ref[Catalog_User]:56087fb7-b90f-11e5-80d9-005056011152',0,0);
INSERT INTO `_Catalog_Equipment_EquiementsHistory` (Id,LineNumber,Period,Client,Ref,Equiements,Target,Result,ObjectGet,Comment,Executor,IsTombstone,IsDirty) VALUES ('@ref[Catalog_Equipment_EquiementsHistory]:0bd3aee7-671c-e611-80c3-005056010e44',1,'2016-03-28 14:58:36','@ref[Catalog_Client]:56087fac-b90f-11e5-80d9-005056011152','@ref[Catalog_Equipment]:13bd18c0-d63d-11e5-80d9-005056011152','@ref[Catalog_Equipment]:13bd18c0-d63d-11e5-80d9-005056011152','Установить','@ref[Enum_ResultEvent]:81270b2c-190a-faf2-440f-4a593042495e','Событие 1121230 от 23.03.2016 20:40:08','','@ref[Catalog_User]:56087fb7-b90f-11e5-80d9-005056011152',0,0);
INSERT INTO `_Catalog_Equipment_EquiementsHistory` (Id,LineNumber,Period,Client,Ref,Equiements,Target,Result,ObjectGet,Comment,Executor,IsTombstone,IsDirty) VALUES ('@ref[Catalog_Equipment_EquiementsHistory]:0cd3aee7-671c-e611-80c3-005056010e44',1,'2016-03-28 15:44:37','@ref[Catalog_Client]:56087fac-b90f-11e5-80d9-005056011152','@ref[Catalog_Equipment]:13bd18c0-d63d-11e5-80d9-005056011152','@ref[Catalog_Equipment]:13bd18c0-d63d-11e5-80d9-005056011152','Установить','@ref[Enum_ResultEvent]:81270b2c-190a-faf2-440f-4a593042495e','Событие 1121222 от 22.03.2016 18:59:24','','@ref[Catalog_User]:da98befe-ef7b-11e5-80db-005056011152',0,0);
INSERT INTO `_Catalog_Equipment_EquiementsHistory` (Id,LineNumber,Period,Client,Ref,Equiements,Target,Result,ObjectGet,Comment,Executor,IsTombstone,IsDirty) VALUES ('@ref[Catalog_Equipment_EquiementsHistory]:36d3aee7-671c-e611-80c3-005056010e44',1,'2016-03-01 16:08:27','@ref[Catalog_Client]:9e845e27-df85-11e5-80d9-005056011152','@ref[Catalog_Equipment]:9e845e2a-df85-11e5-80d9-005056011152','@ref[Catalog_Equipment]:9e845e2a-df85-11e5-80d9-005056011152','','@ref[Enum_ResultEvent]:81270b2c-190a-faf2-440f-4a593042495e','Событие 000000025 от 01.03.2016 15:58:40','Что то не понятное не хватает кнопки ','@ref[Catalog_User]:56087fb7-b90f-11e5-80d9-005056011152',0,0);
INSERT INTO `_Catalog_Equipment_EquiementsHistory` (Id,LineNumber,Period,Client,Ref,Equiements,Target,Result,ObjectGet,Comment,Executor,IsTombstone,IsDirty) VALUES ('@ref[Catalog_Equipment_EquiementsHistory]:13d3aee7-671c-e611-80c3-005056010e44',1,'2016-03-01 18:18:04','@ref[Catalog_Client]:56087fac-b90f-11e5-80d9-005056011152','@ref[Catalog_Equipment]:f2b77ce4-db8b-11e5-80d9-005056011152','@ref[Catalog_Equipment]:f2b77ce4-db8b-11e5-80d9-005056011152','Установить ','@ref[Enum_ResultEvent]:81270b2c-190a-faf2-440f-4a593042495e','Событие 000000017 от 25.02.2016 10:00:52','','@ref[Catalog_User]:56087fb7-b90f-11e5-80d9-005056011152',0,0);
INSERT INTO `_Catalog_Equipment_EquiementsHistory` (Id,LineNumber,Period,Client,Ref,Equiements,Target,Result,ObjectGet,Comment,Executor,IsTombstone,IsDirty) VALUES ('@ref[Catalog_Equipment_EquiementsHistory]:14d3aee7-671c-e611-80c3-005056010e44',1,'2016-03-11 10:50:14','@ref[Catalog_Client]:56087fac-b90f-11e5-80d9-005056011152','@ref[Catalog_Equipment]:f2b77ce4-db8b-11e5-80d9-005056011152','@ref[Catalog_Equipment]:f2b77ce4-db8b-11e5-80d9-005056011152','Выезд на замер','@ref[Enum_ResultEvent]:81270b2c-190a-faf2-440f-4a593042495e','Событие 000000052 from 3/10/2016 6:17:03 PM','','@ref[Catalog_User]:56087fb7-b90f-11e5-80d9-005056011152',0,0);
INSERT INTO `_Catalog_Equipment_EquiementsHistory` (Id,LineNumber,Period,Client,Ref,Equiements,Target,Result,ObjectGet,Comment,Executor,IsTombstone,IsDirty) VALUES ('@ref[Catalog_Equipment_EquiementsHistory]:15d3aee7-671c-e611-80c3-005056010e44',1,'2016-03-28 14:58:36','@ref[Catalog_Client]:56087fac-b90f-11e5-80d9-005056011152','@ref[Catalog_Equipment]:f2b77ce4-db8b-11e5-80d9-005056011152','@ref[Catalog_Equipment]:f2b77ce4-db8b-11e5-80d9-005056011152','Заменить','@ref[Enum_ResultEvent]:81270b2c-190a-faf2-440f-4a593042495e','Событие 1121230 от 23.03.2016 20:40:08','','@ref[Catalog_User]:56087fb7-b90f-11e5-80d9-005056011152',0,0);
INSERT INTO `_Catalog_Equipment_EquiementsHistory` (Id,LineNumber,Period,Client,Ref,Equiements,Target,Result,ObjectGet,Comment,Executor,IsTombstone,IsDirty) VALUES ('@ref[Catalog_Equipment_EquiementsHistory]:16d3aee7-671c-e611-80c3-005056010e44',1,'2016-03-28 15:44:37','@ref[Catalog_Client]:56087fac-b90f-11e5-80d9-005056011152','@ref[Catalog_Equipment]:f2b77ce4-db8b-11e5-80d9-005056011152','@ref[Catalog_Equipment]:f2b77ce4-db8b-11e5-80d9-005056011152','Заменить','@ref[Enum_ResultEvent]:81270b2c-190a-faf2-440f-4a593042495e','Событие 1121222 от 22.03.2016 18:59:24','','@ref[Catalog_User]:da98befe-ef7b-11e5-80db-005056011152',0,0);
INSERT INTO `_Catalog_Equipment_EquiementsHistory` (Id,LineNumber,Period,Client,Ref,Equiements,Target,Result,ObjectGet,Comment,Executor,IsTombstone,IsDirty) VALUES ('@ref[Catalog_Equipment_EquiementsHistory]:97d3aee7-671c-e611-80c3-005056010e44',1,'2016-03-09 12:51:48','@ref[Catalog_Client]:56087fac-b90f-11e5-80d9-005056011152','@ref[Catalog_Equipment]:7c58129f-e5db-11e5-80d9-005056011152','@ref[Catalog_Equipment]:7c58129f-e5db-11e5-80d9-005056011152','Плановая установка домофона','@ref[Enum_ResultEvent]:81270b2c-190a-faf2-440f-4a593042495e','Событие 000000041 от 09.03.2016 12:46:54','  Все подключил. Проверил. Работает','@ref[Catalog_User]:56087fb7-b90f-11e5-80d9-005056011152',0,0);
INSERT INTO `_Catalog_Equipment_EquiementsHistory` (Id,LineNumber,Period,Client,Ref,Equiements,Target,Result,ObjectGet,Comment,Executor,IsTombstone,IsDirty) VALUES ('@ref[Catalog_Equipment_EquiementsHistory]:98d3aee7-671c-e611-80c3-005056010e44',1,'2016-03-10 17:16:09','@ref[Catalog_Client]:56087fac-b90f-11e5-80d9-005056011152','@ref[Catalog_Equipment]:7c58129f-e5db-11e5-80d9-005056011152','@ref[Catalog_Equipment]:7c58129f-e5db-11e5-80d9-005056011152','Внепланвый выезд. Заедает','@ref[Enum_ResultEvent]:81270b2c-190a-faf2-440f-4a593042495e','Событие 000000049 от 10.03.2016 16:24:22','','@ref[Catalog_User]:56087fb7-b90f-11e5-80d9-005056011152',0,0);
INSERT INTO `_Catalog_Equipment_EquiementsHistory` (Id,LineNumber,Period,Client,Ref,Equiements,Target,Result,ObjectGet,Comment,Executor,IsTombstone,IsDirty) VALUES ('@ref[Catalog_Equipment_EquiementsHistory]:99d3aee7-671c-e611-80c3-005056010e44',1,'2016-04-02 22:00:08','@ref[Catalog_Client]:56087fac-b90f-11e5-80d9-005056011152','@ref[Catalog_Equipment]:7c58129f-e5db-11e5-80d9-005056011152','@ref[Catalog_Equipment]:7c58129f-e5db-11e5-80d9-005056011152','Все еще не работает','@ref[Enum_ResultEvent]:81270b2c-190a-faf2-440f-4a593042495e','Наряд 000000050 от 3/10/2016 5:20:19 PM','','@ref[Catalog_User]:56087fb7-b90f-11e5-80d9-005056011152',0,0);
INSERT INTO `_Catalog_Equipment_EquiementsHistory` (Id,LineNumber,Period,Client,Ref,Equiements,Target,Result,ObjectGet,Comment,Executor,IsTombstone,IsDirty) VALUES ('@ref[Catalog_Equipment_EquiementsHistory]:9ad3aee7-671c-e611-80c3-005056010e44',1,'2016-04-18 09:48:33','@ref[Catalog_Client]:56087fac-b90f-11e5-80d9-005056011152','@ref[Catalog_Equipment]:7c58129f-e5db-11e5-80d9-005056011152','@ref[Catalog_Equipment]:7c58129f-e5db-11e5-80d9-005056011152','','@ref[Enum_ResultEvent]:81270b2c-190a-faf2-440f-4a593042495e','Событие 1121235 от 28.03.2016 16:58:47','','@ref[Catalog_User]:56087fb7-b90f-11e5-80d9-005056011152',0,0);
INSERT INTO `_Catalog_Equipment_EquiementsHistory` (Id,LineNumber,Period,Client,Ref,Equiements,Target,Result,ObjectGet,Comment,Executor,IsTombstone,IsDirty) VALUES ('@ref[Catalog_Equipment_EquiementsHistory]:9bd3aee7-671c-e611-80c3-005056010e44',1,'2016-04-22 16:13:10','@ref[Catalog_Client]:56087fac-b90f-11e5-80d9-005056011152','@ref[Catalog_Equipment]:7c58129f-e5db-11e5-80d9-005056011152','@ref[Catalog_Equipment]:7c58129f-e5db-11e5-80d9-005056011152','не работает!','@ref[Enum_ResultEvent]:81270b2c-190a-faf2-440f-4a593042495e','Событие 1121215 от 3/21/2016 12:12:49 PM','','@ref[Catalog_User]:56087fb7-b90f-11e5-80d9-005056011152',0,0);
INSERT INTO `_Catalog_Equipment_EquiementsHistory` (Id,LineNumber,Period,Client,Ref,Equiements,Target,Result,ObjectGet,Comment,Executor,IsTombstone,IsDirty) VALUES ('@ref[Catalog_Equipment_EquiementsHistory]:a5d3aee7-671c-e611-80c3-005056010e44',1,'2016-03-16 11:00:13','@ref[Catalog_Client]:1849592c-b92e-11e5-80d9-005056011152','@ref[Catalog_Equipment]:06b50a76-ea89-11e5-80db-005056011152','@ref[Catalog_Equipment]:06b50a76-ea89-11e5-80db-005056011152','Плановое обследование','@ref[Enum_ResultEvent]:81270b2c-190a-faf2-440f-4a593042495e','Событие 000000059 от 16.03.2016 10:56:19','Все проверил, перегрузок не было,масло в норме','@ref[Catalog_User]:56087fb7-b90f-11e5-80d9-005056011152',0,0);
INSERT INTO `_Catalog_Equipment_EquiementsHistory` (Id,LineNumber,Period,Client,Ref,Equiements,Target,Result,ObjectGet,Comment,Executor,IsTombstone,IsDirty) VALUES ('@ref[Catalog_Equipment_EquiementsHistory]:f4d3aee7-671c-e611-80c3-005056010e44',1,'2016-04-18 13:23:50','@ref[Catalog_Client]:bc25a663-fb39-11e5-80e3-005056011152','@ref[Catalog_Equipment]:744ab532-053f-11e6-80e3-005056011152','@ref[Catalog_Equipment]:744ab532-053f-11e6-80e3-005056011152','','@ref[Enum_ResultEvent]:81270b2c-190a-faf2-440f-4a593042495e','Событие 1121254 от 4/18/2016 11:29:46 AM','','@ref[Catalog_User]:56087fb7-b90f-11e5-80d9-005056011152',0,0);
INSERT INTO `_Catalog_Equipment_EquiementsHistory` (Id,LineNumber,Period,Client,Ref,Equiements,Target,Result,ObjectGet,Comment,Executor,IsTombstone,IsDirty) VALUES ('@ref[Catalog_Equipment_EquiementsHistory]:18d4aee7-671c-e611-80c3-005056010e44',1,'2016-04-26 14:57:33','@ref[Catalog_Client]:72ec6d7c-0aec-11e6-80e3-005056011152','@ref[Catalog_Equipment]:72ec6d7d-0aec-11e6-80e3-005056011152','@ref[Catalog_Equipment]:72ec6d7d-0aec-11e6-80e3-005056011152','Плановое подключение ','@ref[Enum_ResultEvent]:81270b2c-190a-faf2-440f-4a593042495e','Событие 1121261 от 4/25/2016 4:54:44 PM','','@ref[Catalog_User]:56087fb7-b90f-11e5-80d9-005056011152',0,0);
INSERT INTO `_Catalog_Equipment_EquiementsHistory` (Id,LineNumber,Period,Client,Ref,Equiements,Target,Result,ObjectGet,Comment,Executor,IsTombstone,IsDirty) VALUES ('@ref[Catalog_Equipment_EquiementsHistory]:19d4aee7-671c-e611-80c3-005056010e44',1,'2016-04-27 11:48:55','@ref[Catalog_Client]:72ec6d7c-0aec-11e6-80e3-005056011152','@ref[Catalog_Equipment]:72ec6d7d-0aec-11e6-80e3-005056011152','@ref[Catalog_Equipment]:72ec6d7d-0aec-11e6-80e3-005056011152','проверка работоспособности','@ref[Enum_ResultEvent]:81270b2c-190a-faf2-440f-4a593042495e','Событие 1121285 от 4/27/2016 11:46:16 AM','проверка не выявила проблем','@ref[Catalog_User]:56087fb7-b90f-11e5-80d9-005056011152',0,0);
INSERT INTO `_Catalog_Equipment_EquiementsHistory` (Id,LineNumber,Period,Client,Ref,Equiements,Target,Result,ObjectGet,Comment,Executor,IsTombstone,IsDirty) VALUES ('@ref[Catalog_Equipment_EquiementsHistory]:00d4aee7-671c-e611-80c3-005056010e44',1,'2016-04-19 11:45:37','@ref[Catalog_Client]:18495928-b92e-11e5-80d9-005056011152','@ref[Catalog_Equipment]:c90b0558-05fc-11e6-80e3-005056011152','@ref[Catalog_Equipment]:c90b0558-05fc-11e6-80e3-005056011152','','@ref[Enum_ResultEvent]:81270b2c-190a-faf2-440f-4a593042495e','Событие 1121256 от 19.04.2016 10:41:47','почистил, все работает. В следующий раз проверить каппучинатор','@ref[Catalog_User]:56087fb7-b90f-11e5-80d9-005056011152',0,0);
INSERT INTO `_Catalog_Equipment_EquiementsHistory` (Id,LineNumber,Period,Client,Ref,Equiements,Target,Result,ObjectGet,Comment,Executor,IsTombstone,IsDirty) VALUES ('@ref[Catalog_Equipment_EquiementsHistory]:01d4aee7-671c-e611-80c3-005056010e44',1,'2016-04-20 20:05:37','@ref[Catalog_Client]:18495928-b92e-11e5-80d9-005056011152','@ref[Catalog_Equipment]:c90b0558-05fc-11e6-80e3-005056011152','@ref[Catalog_Equipment]:c90b0558-05fc-11e6-80e3-005056011152','Настроить, подключить. Плановое обслуживание','@ref[Enum_ResultEvent]:81270b2c-190a-faf2-440f-4a593042495e','Событие 1121257 от 4/19/2016 10:51:57 AM','','@ref[Catalog_User]:56087fb7-b90f-11e5-80d9-005056011152',0,0);
INSERT INTO `_Catalog_Equipment_EquiementsHistory` (Id,LineNumber,Period,Client,Ref,Equiements,Target,Result,ObjectGet,Comment,Executor,IsTombstone,IsDirty) VALUES ('@ref[Catalog_Equipment_EquiementsHistory]:02d4aee7-671c-e611-80c3-005056010e44',1,'2016-04-21 15:26:17','@ref[Catalog_Client]:18495928-b92e-11e5-80d9-005056011152','@ref[Catalog_Equipment]:c90b0558-05fc-11e6-80e3-005056011152','@ref[Catalog_Equipment]:c90b0558-05fc-11e6-80e3-005056011152','Настроить, подключить. Плановое обслуживание','@ref[Enum_ResultEvent]:81270b2c-190a-faf2-440f-4a593042495e','Событие 1121258 от 21.04.2016 14:24:49','','@ref[Catalog_User]:56087fb7-b90f-11e5-80d9-005056011152',0,0);
INSERT INTO `_Catalog_Equipment_EquiementsHistory` (Id,LineNumber,Period,Client,Ref,Equiements,Target,Result,ObjectGet,Comment,Executor,IsTombstone,IsDirty) VALUES ('@ref[Catalog_Equipment_EquiementsHistory]:687b72af-cc1c-e611-80c3-005056010e44',1,'2016-05-18 10:42:16','@ref[Catalog_Client]:d61ab348-f98b-11e5-80e3-005056011152','@ref[Catalog_Equipment]:c90b0558-05fc-11e6-80e3-005056011152','@ref[Catalog_Equipment]:c90b0558-05fc-11e6-80e3-005056011152','не работает каппучинатор','@ref[Enum_ResultEvent]:81270b2c-190a-faf2-440f-4a593042495e','Наряд 1121255 от 19.04.2016 10:07:50','','@ref[Catalog_User]:56087fb7-b90f-11e5-80d9-005056011152',0,0);
INSERT INTO `_Catalog_Equipment_Equiements` (Id,LineNumber,Period,Clients,Ref,StatusEquiement,ContractSale,CantractService,ContactForEquiemnt,Info,Equiement,IsTombstone,IsDirty) VALUES ('@ref[Catalog_Equipment_Equiements]:ddd2aee7-671c-e611-80c3-005056010e44',1,'2016-01-12 16:07:53','@ref[Catalog_Client]:56087fac-b90f-11e5-80d9-005056011152','@ref[Catalog_Equipment]:56087fb5-b90f-11e5-80d9-005056011152','@ref[Enum_StatusEquipment]:b526c98c-9cca-ddd2-4c8f-b6be4e172e26','@ref[Catalog_ServiceAgreement]:00000000-0000-0000-0000-000000000000','@ref[Catalog_ServiceAgreement]:00000000-0000-0000-0000-000000000000','','','@ref[Catalog_Equipment]:56087fb5-b90f-11e5-80d9-005056011152',0,0);
INSERT INTO `_Catalog_Equipment_Equiements` (Id,LineNumber,Period,Clients,Ref,StatusEquiement,ContractSale,CantractService,ContactForEquiemnt,Info,Equiement,IsTombstone,IsDirty) VALUES ('@ref[Catalog_Equipment_Equiements]:e3d2aee7-671c-e611-80c3-005056010e44',1,'2016-02-25 18:22:57','@ref[Catalog_Client]:18495928-b92e-11e5-80d9-005056011152','@ref[Catalog_Equipment]:18495925-b92e-11e5-80d9-005056011152','@ref[Enum_StatusEquipment]:b526c98c-9cca-ddd2-4c8f-b6be4e172e26','@ref[Catalog_ServiceAgreement]:00000000-0000-0000-0000-000000000000','@ref[Catalog_ServiceAgreement]:00000000-0000-0000-0000-000000000000','','','@ref[Catalog_Equipment]:18495925-b92e-11e5-80d9-005056011152',0,0);
INSERT INTO `_Catalog_Equipment_Equiements` (Id,LineNumber,Period,Clients,Ref,StatusEquiement,ContractSale,CantractService,ContactForEquiemnt,Info,Equiement,IsTombstone,IsDirty) VALUES ('@ref[Catalog_Equipment_Equiements]:ecd2aee7-671c-e611-80c3-005056010e44',1,'2016-01-12 16:28:37','@ref[Catalog_Client]:18495928-b92e-11e5-80d9-005056011152','@ref[Catalog_Equipment]:18495929-b92e-11e5-80d9-005056011152','@ref[Enum_StatusEquipment]:b526c98c-9cca-ddd2-4c8f-b6be4e172e26','@ref[Catalog_ServiceAgreement]:00000000-0000-0000-0000-000000000000','@ref[Catalog_ServiceAgreement]:00000000-0000-0000-0000-000000000000','','','@ref[Catalog_Equipment]:18495929-b92e-11e5-80d9-005056011152',0,0);
INSERT INTO `_Catalog_Equipment_Equiements` (Id,LineNumber,Period,Clients,Ref,StatusEquiement,ContractSale,CantractService,ContactForEquiemnt,Info,Equiement,IsTombstone,IsDirty) VALUES ('@ref[Catalog_Equipment_Equiements]:f9d2aee7-671c-e611-80c3-005056010e44',1,'2016-01-12 16:35:50','@ref[Catalog_Client]:1849592c-b92e-11e5-80d9-005056011152','@ref[Catalog_Equipment]:1849592e-b92e-11e5-80d9-005056011152','@ref[Enum_StatusEquipment]:b526c98c-9cca-ddd2-4c8f-b6be4e172e26','@ref[Catalog_ServiceAgreement]:00000000-0000-0000-0000-000000000000','@ref[Catalog_ServiceAgreement]:00000000-0000-0000-0000-000000000000','','','@ref[Catalog_Equipment]:1849592e-b92e-11e5-80d9-005056011152',0,0);
INSERT INTO `_Catalog_Equipment_Equiements` (Id,LineNumber,Period,Clients,Ref,StatusEquiement,ContractSale,CantractService,ContactForEquiemnt,Info,Equiement,IsTombstone,IsDirty) VALUES ('@ref[Catalog_Equipment_Equiements]:00d3aee7-671c-e611-80c3-005056010e44',1,'2016-01-13 17:48:13','@ref[Catalog_Client]:18495924-b92e-11e5-80d9-005056011152','@ref[Catalog_Equipment]:6fe8882a-ba04-11e5-80d9-005056011152','@ref[Enum_StatusEquipment]:951b5831-923e-0439-4ef7-9198a2cf19fe','@ref[Catalog_ServiceAgreement]:00000000-0000-0000-0000-000000000000','@ref[Catalog_ServiceAgreement]:00000000-0000-0000-0000-000000000000','','','@ref[Catalog_Equipment]:6fe8882a-ba04-11e5-80d9-005056011152',0,0);
INSERT INTO `_Catalog_Equipment_Equiements` (Id,LineNumber,Period,Clients,Ref,StatusEquiement,ContractSale,CantractService,ContactForEquiemnt,Info,Equiement,IsTombstone,IsDirty) VALUES ('@ref[Catalog_Equipment_Equiements]:05d3aee7-671c-e611-80c3-005056010e44',1,'2016-01-13 17:48:40','@ref[Catalog_Client]:18495924-b92e-11e5-80d9-005056011152','@ref[Catalog_Equipment]:6fe8882c-ba04-11e5-80d9-005056011152','@ref[Enum_StatusEquipment]:b526c98c-9cca-ddd2-4c8f-b6be4e172e26','@ref[Catalog_ServiceAgreement]:00000000-0000-0000-0000-000000000000','@ref[Catalog_ServiceAgreement]:00000000-0000-0000-0000-000000000000','','','@ref[Catalog_Equipment]:6fe8882c-ba04-11e5-80d9-005056011152',0,0);
INSERT INTO `_Catalog_Equipment_Equiements` (Id,LineNumber,Period,Clients,Ref,StatusEquiement,ContractSale,CantractService,ContactForEquiemnt,Info,Equiement,IsTombstone,IsDirty) VALUES ('@ref[Catalog_Equipment_Equiements]:06d3aee7-671c-e611-80c3-005056010e44',1,'2016-02-18 16:14:51','@ref[Catalog_Client]:56087fac-b90f-11e5-80d9-005056011152','@ref[Catalog_Equipment]:13bd18c0-d63d-11e5-80d9-005056011152','@ref[Enum_StatusEquipment]:b526c98c-9cca-ddd2-4c8f-b6be4e172e26','@ref[Catalog_ServiceAgreement]:00000000-0000-0000-0000-000000000000','@ref[Catalog_ServiceAgreement]:00000000-0000-0000-0000-000000000000','','','@ref[Catalog_Equipment]:13bd18c0-d63d-11e5-80d9-005056011152',0,0);
INSERT INTO `_Catalog_Equipment_Equiements` (Id,LineNumber,Period,Clients,Ref,StatusEquiement,ContractSale,CantractService,ContactForEquiemnt,Info,Equiement,IsTombstone,IsDirty) VALUES ('@ref[Catalog_Equipment_Equiements]:12d3aee7-671c-e611-80c3-005056010e44',1,'2016-02-25 09:59:45','@ref[Catalog_Client]:56087fac-b90f-11e5-80d9-005056011152','@ref[Catalog_Equipment]:f2b77ce4-db8b-11e5-80d9-005056011152','@ref[Enum_StatusEquipment]:b526c98c-9cca-ddd2-4c8f-b6be4e172e26','@ref[Catalog_ServiceAgreement]:00000000-0000-0000-0000-000000000000','@ref[Catalog_ServiceAgreement]:00000000-0000-0000-0000-000000000000','','','@ref[Catalog_Equipment]:f2b77ce4-db8b-11e5-80d9-005056011152',0,0);
INSERT INTO `_Catalog_Equipment_Equiements` (Id,LineNumber,Period,Clients,Ref,StatusEquiement,ContractSale,CantractService,ContactForEquiemnt,Info,Equiement,IsTombstone,IsDirty) VALUES ('@ref[Catalog_Equipment_Equiements]:35d3aee7-671c-e611-80c3-005056010e44',1,'2016-03-03 10:44:11','@ref[Catalog_Client]:759e4cfb-e079-11e5-80d9-005056011152','@ref[Catalog_Equipment]:9e845e2a-df85-11e5-80d9-005056011152','@ref[Enum_StatusEquipment]:b526c98c-9cca-ddd2-4c8f-b6be4e172e26','@ref[Catalog_ServiceAgreement]:00000000-0000-0000-0000-000000000000','@ref[Catalog_ServiceAgreement]:00000000-0000-0000-0000-000000000000','','','@ref[Catalog_Equipment]:9e845e2a-df85-11e5-80d9-005056011152',0,0);
INSERT INTO `_Catalog_Equipment_Equiements` (Id,LineNumber,Period,Clients,Ref,StatusEquiement,ContractSale,CantractService,ContactForEquiemnt,Info,Equiement,IsTombstone,IsDirty) VALUES ('@ref[Catalog_Equipment_Equiements]:58d3aee7-671c-e611-80c3-005056010e44',1,'2016-03-03 18:06:19','@ref[Catalog_Client]:9e845e27-df85-11e5-80d9-005056011152','@ref[Catalog_Equipment]:92c94c34-e113-11e5-80d9-005056011152','@ref[Enum_StatusEquipment]:b526c98c-9cca-ddd2-4c8f-b6be4e172e26','@ref[Catalog_ServiceAgreement]:9e845e24-df85-11e5-80d9-005056011152','@ref[Catalog_ServiceAgreement]:00000000-0000-0000-0000-000000000000','','','@ref[Catalog_Equipment]:92c94c34-e113-11e5-80d9-005056011152',0,0);
INSERT INTO `_Catalog_Equipment_Equiements` (Id,LineNumber,Period,Clients,Ref,StatusEquiement,ContractSale,CantractService,ContactForEquiemnt,Info,Equiement,IsTombstone,IsDirty) VALUES ('@ref[Catalog_Equipment_Equiements]:86d3aee7-671c-e611-80c3-005056010e44',1,'2016-03-04 10:48:40','@ref[Catalog_Client]:729d7c29-e1d5-11e5-80d9-005056011152','@ref[Catalog_Equipment]:729d7c2a-e1d5-11e5-80d9-005056011152','@ref[Enum_StatusEquipment]:b526c98c-9cca-ddd2-4c8f-b6be4e172e26','@ref[Catalog_ServiceAgreement]:00000000-0000-0000-0000-000000000000','@ref[Catalog_ServiceAgreement]:00000000-0000-0000-0000-000000000000','','','@ref[Catalog_Equipment]:729d7c2a-e1d5-11e5-80d9-005056011152',0,0);
INSERT INTO `_Catalog_Equipment_Equiements` (Id,LineNumber,Period,Clients,Ref,StatusEquiement,ContractSale,CantractService,ContactForEquiemnt,Info,Equiement,IsTombstone,IsDirty) VALUES ('@ref[Catalog_Equipment_Equiements]:96d3aee7-671c-e611-80c3-005056010e44',1,'2016-03-09 12:43:07','@ref[Catalog_Client]:56087fac-b90f-11e5-80d9-005056011152','@ref[Catalog_Equipment]:7c58129f-e5db-11e5-80d9-005056011152','@ref[Enum_StatusEquipment]:b526c98c-9cca-ddd2-4c8f-b6be4e172e26','@ref[Catalog_ServiceAgreement]:00000000-0000-0000-0000-000000000000','@ref[Catalog_ServiceAgreement]:00000000-0000-0000-0000-000000000000','','','@ref[Catalog_Equipment]:7c58129f-e5db-11e5-80d9-005056011152',0,0);
INSERT INTO `_Catalog_Equipment_Equiements` (Id,LineNumber,Period,Clients,Ref,StatusEquiement,ContractSale,CantractService,ContactForEquiemnt,Info,Equiement,IsTombstone,IsDirty) VALUES ('@ref[Catalog_Equipment_Equiements]:a4d3aee7-671c-e611-80c3-005056010e44',1,'2016-03-16 10:50:31','@ref[Catalog_Client]:1849592c-b92e-11e5-80d9-005056011152','@ref[Catalog_Equipment]:06b50a76-ea89-11e5-80db-005056011152','@ref[Enum_StatusEquipment]:b526c98c-9cca-ddd2-4c8f-b6be4e172e26','@ref[Catalog_ServiceAgreement]:00000000-0000-0000-0000-000000000000','@ref[Catalog_ServiceAgreement]:00000000-0000-0000-0000-000000000000','','','@ref[Catalog_Equipment]:06b50a76-ea89-11e5-80db-005056011152',0,0);
INSERT INTO `_Catalog_Equipment_Equiements` (Id,LineNumber,Period,Clients,Ref,StatusEquiement,ContractSale,CantractService,ContactForEquiemnt,Info,Equiement,IsTombstone,IsDirty) VALUES ('@ref[Catalog_Equipment_Equiements]:e4d3aee7-671c-e611-80c3-005056010e44',1,'2016-03-29 14:38:14','@ref[Catalog_Client]:d37ffb4a-f5a2-11e5-80e3-005056011152','@ref[Catalog_Equipment]:f13f6abb-f63a-11e5-80e3-005056011152','@ref[Enum_StatusEquipment]:00000000-0000-0000-0000-000000000000','@ref[Catalog_ServiceAgreement]:00000000-0000-0000-0000-000000000000','@ref[Catalog_ServiceAgreement]:00000000-0000-0000-0000-000000000000','','','@ref[Catalog_Equipment]:f13f6abb-f63a-11e5-80e3-005056011152',0,0);
INSERT INTO `_Catalog_Equipment_Equiements` (Id,LineNumber,Period,Clients,Ref,StatusEquiement,ContractSale,CantractService,ContactForEquiemnt,Info,Equiement,IsTombstone,IsDirty) VALUES ('@ref[Catalog_Equipment_Equiements]:f3d3aee7-671c-e611-80c3-005056010e44',1,'2016-04-18 11:43:10','@ref[Catalog_Client]:bc25a663-fb39-11e5-80e3-005056011152','@ref[Catalog_Equipment]:744ab532-053f-11e6-80e3-005056011152','@ref[Enum_StatusEquipment]:00000000-0000-0000-0000-000000000000','@ref[Catalog_ServiceAgreement]:00000000-0000-0000-0000-000000000000','@ref[Catalog_ServiceAgreement]:00000000-0000-0000-0000-000000000000','','','@ref[Catalog_Equipment]:744ab532-053f-11e6-80e3-005056011152',0,0);
INSERT INTO `_Catalog_Equipment_Equiements` (Id,LineNumber,Period,Clients,Ref,StatusEquiement,ContractSale,CantractService,ContactForEquiemnt,Info,Equiement,IsTombstone,IsDirty) VALUES ('@ref[Catalog_Equipment_Equiements]:ffd3aee7-671c-e611-80c3-005056010e44',1,'2016-04-19 10:35:18','@ref[Catalog_Client]:18495928-b92e-11e5-80d9-005056011152','@ref[Catalog_Equipment]:c90b0558-05fc-11e6-80e3-005056011152','@ref[Enum_StatusEquipment]:00000000-0000-0000-0000-000000000000','@ref[Catalog_ServiceAgreement]:00000000-0000-0000-0000-000000000000','@ref[Catalog_ServiceAgreement]:00000000-0000-0000-0000-000000000000','','','@ref[Catalog_Equipment]:c90b0558-05fc-11e6-80e3-005056011152',0,0);
INSERT INTO `_Catalog_Equipment_Equiements` (Id,LineNumber,Period,Clients,Ref,StatusEquiement,ContractSale,CantractService,ContactForEquiemnt,Info,Equiement,IsTombstone,IsDirty) VALUES ('@ref[Catalog_Equipment_Equiements]:17d4aee7-671c-e611-80c3-005056010e44',1,'2016-04-25 16:52:36','@ref[Catalog_Client]:72ec6d7c-0aec-11e6-80e3-005056011152','@ref[Catalog_Equipment]:72ec6d7d-0aec-11e6-80e3-005056011152','@ref[Enum_StatusEquipment]:b526c98c-9cca-ddd2-4c8f-b6be4e172e26','@ref[Catalog_ServiceAgreement]:00000000-0000-0000-0000-000000000000','@ref[Catalog_ServiceAgreement]:00000000-0000-0000-0000-000000000000','','','@ref[Catalog_Equipment]:72ec6d7d-0aec-11e6-80e3-005056011152',0,0);
INSERT INTO `_Catalog_EquipmentOptions_ListValues` (Id,LineNumber,Ref,Val,IsTombstone,IsDirty) VALUES ('@ref[Catalog_EquipmentOptions_ListValues]:d6d2aee7-671c-e611-80c3-005056010e44',2,'@ref[Catalog_EquipmentOptions]:d61ab35b-f98b-11e5-80e3-005056011152','В эксплуат',0,0);
INSERT INTO `_Catalog_EquipmentOptions_ListValues` (Id,LineNumber,Ref,Val,IsTombstone,IsDirty) VALUES ('@ref[Catalog_EquipmentOptions_ListValues]:d7d2aee7-671c-e611-80c3-005056010e44',4,'@ref[Catalog_EquipmentOptions]:d61ab35b-f98b-11e5-80e3-005056011152','Неисправно',0,0);
INSERT INTO `_Catalog_EquipmentOptions_ListValues` (Id,LineNumber,Ref,Val,IsTombstone,IsDirty) VALUES ('@ref[Catalog_EquipmentOptions_ListValues]:d8d2aee7-671c-e611-80c3-005056010e44',1,'@ref[Catalog_EquipmentOptions]:d61ab35b-f98b-11e5-80e3-005056011152','Новое',0,0);
INSERT INTO `_Catalog_EquipmentOptions_ListValues` (Id,LineNumber,Ref,Val,IsTombstone,IsDirty) VALUES ('@ref[Catalog_EquipmentOptions_ListValues]:d9d2aee7-671c-e611-80c3-005056010e44',3,'@ref[Catalog_EquipmentOptions]:d61ab35b-f98b-11e5-80e3-005056011152','Ремонт',0,0);
INSERT INTO `_Catalog_EquipmentOptions_ListValues` (Id,LineNumber,Ref,Val,IsTombstone,IsDirty) VALUES ('@ref[Catalog_EquipmentOptions_ListValues]:dad2aee7-671c-e611-80c3-005056010e44',1,'@ref[Catalog_EquipmentOptions]:d61ab35c-f98b-11e5-80e3-005056011152','Новое',0,0);
INSERT INTO `_Catalog_EquipmentOptions_ListValues` (Id,LineNumber,Ref,Val,IsTombstone,IsDirty) VALUES ('@ref[Catalog_EquipmentOptions_ListValues]:dbd2aee7-671c-e611-80c3-005056010e44',3,'@ref[Catalog_EquipmentOptions]:d61ab35c-f98b-11e5-80e3-005056011152','Ремонт',0,0);
INSERT INTO `_Catalog_EquipmentOptions_ListValues` (Id,LineNumber,Ref,Val,IsTombstone,IsDirty) VALUES ('@ref[Catalog_EquipmentOptions_ListValues]:dcd2aee7-671c-e611-80c3-005056010e44',2,'@ref[Catalog_EquipmentOptions]:d61ab35c-f98b-11e5-80e3-005056011152','Эксплуатац',0,0);
INSERT INTO `_Catalog_EquipmentOptions` (Predefined,Id,DeletionMark,Description,Code,DataTypeParameter,DisplayingBMA,EditingBMA,IsTombstone,IsDirty) VALUES (0,'@ref[Catalog_EquipmentOptions]:14b1e7e6-c34a-11e5-80d9-005056011152',0,'Описание (en)','000000001','@ref[Enum_TypesDataParameters]:8404c846-e63b-425c-40fb-e3081e1b97c0',1,0,0,0);
INSERT INTO `_Catalog_EquipmentOptions` (Predefined,Id,DeletionMark,Description,Code,DataTypeParameter,DisplayingBMA,EditingBMA,IsTombstone,IsDirty) VALUES (0,'@ref[Catalog_EquipmentOptions]:14b1e7e7-c34a-11e5-80d9-005056011152',0,'Фото','000000002','@ref[Enum_TypesDataParameters]:ae3d67f7-50b3-4e00-4ab8-fc9cb4f1bf64',1,0,0,0);
INSERT INTO `_Catalog_EquipmentOptions` (Predefined,Id,DeletionMark,Description,Code,DataTypeParameter,DisplayingBMA,EditingBMA,IsTombstone,IsDirty) VALUES (0,'@ref[Catalog_EquipmentOptions]:14b1e7e8-c34a-11e5-80d9-005056011152',0,'Парт-номер','000000003','@ref[Enum_TypesDataParameters]:8404c846-e63b-425c-40fb-e3081e1b97c0',1,1,0,0);
INSERT INTO `_Catalog_EquipmentOptions` (Predefined,Id,DeletionMark,Description,Code,DataTypeParameter,DisplayingBMA,EditingBMA,IsTombstone,IsDirty) VALUES (0,'@ref[Catalog_EquipmentOptions]:13bd18c1-d63d-11e5-80d9-005056011152',0,'Марка','000000004','@ref[Enum_TypesDataParameters]:8404c846-e63b-425c-40fb-e3081e1b97c0',1,0,0,0);
INSERT INTO `_Catalog_EquipmentOptions` (Predefined,Id,DeletionMark,Description,Code,DataTypeParameter,DisplayingBMA,EditingBMA,IsTombstone,IsDirty) VALUES (0,'@ref[Catalog_EquipmentOptions]:9e845e1e-df85-11e5-80d9-005056011152',0,'Артикул','000000005','@ref[Enum_TypesDataParameters]:8404c846-e63b-425c-40fb-e3081e1b97c0',1,0,0,0);
INSERT INTO `_Catalog_EquipmentOptions` (Predefined,Id,DeletionMark,Description,Code,DataTypeParameter,DisplayingBMA,EditingBMA,IsTombstone,IsDirty) VALUES (0,'@ref[Catalog_EquipmentOptions]:9e845e1f-df85-11e5-80d9-005056011152',0,'Продукт код','000000006','@ref[Enum_TypesDataParameters]:8404c846-e63b-425c-40fb-e3081e1b97c0',0,0,0,0);
INSERT INTO `_Catalog_EquipmentOptions` (Predefined,Id,DeletionMark,Description,Code,DataTypeParameter,DisplayingBMA,EditingBMA,IsTombstone,IsDirty) VALUES (0,'@ref[Catalog_EquipmentOptions]:9e845e20-df85-11e5-80d9-005056011152',0,'Дата продажи','000000007','@ref[Enum_TypesDataParameters]:be371ba8-80cb-b12e-4445-d9dbd848cd08',1,0,0,0);
INSERT INTO `_Catalog_EquipmentOptions` (Predefined,Id,DeletionMark,Description,Code,DataTypeParameter,DisplayingBMA,EditingBMA,IsTombstone,IsDirty) VALUES (0,'@ref[Catalog_EquipmentOptions]:d61ab35b-f98b-11e5-80e3-005056011152',0,'Состояние','000000008','@ref[Enum_TypesDataParameters]:988d759f-473c-bdde-42c8-3dcc69bcc24b',0,0,0,0);
INSERT INTO `_Catalog_EquipmentOptions` (Predefined,Id,DeletionMark,Description,Code,DataTypeParameter,DisplayingBMA,EditingBMA,IsTombstone,IsDirty) VALUES (0,'@ref[Catalog_EquipmentOptions]:d61ab35c-f98b-11e5-80e3-005056011152',0,'Состояние','000000009','@ref[Enum_TypesDataParameters]:988d759f-473c-bdde-42c8-3dcc69bcc24b',0,0,0,0);
INSERT INTO `_Catalog_Equipment` (Predefined,Id,DeletionMark,Description,Code,SKU,IsTombstone,IsDirty) VALUES (0,'@ref[Catalog_Equipment]:56087fb5-b90f-11e5-80d9-005056011152',0,'Нефтяная вышка','000000001','@ref[Catalog_SKU]:00000000-0000-0000-0000-000000000000',0,0);
INSERT INTO `_Catalog_Equipment` (Predefined,Id,DeletionMark,Description,Code,SKU,IsTombstone,IsDirty) VALUES (0,'@ref[Catalog_Equipment]:18495925-b92e-11e5-80d9-005056011152',0,'Кассовый аппарат ККМ ЭКР 2102 К','000000003','@ref[Catalog_SKU]:00000000-0000-0000-0000-000000000000',0,0);
INSERT INTO `_Catalog_Equipment` (Predefined,Id,DeletionMark,Description,Code,SKU,IsTombstone,IsDirty) VALUES (0,'@ref[Catalog_Equipment]:18495929-b92e-11e5-80d9-005056011152',0,'Роутер asus rt-n16','000000004','@ref[Catalog_SKU]:00000000-0000-0000-0000-000000000000',0,0);
INSERT INTO `_Catalog_Equipment` (Predefined,Id,DeletionMark,Description,Code,SKU,IsTombstone,IsDirty) VALUES (0,'@ref[Catalog_Equipment]:1849592e-b92e-11e5-80d9-005056011152',0,'Эскалатор 30-800-4500 серии Toread','000000005','@ref[Catalog_SKU]:00000000-0000-0000-0000-000000000000',0,0);
INSERT INTO `_Catalog_Equipment` (Predefined,Id,DeletionMark,Description,Code,SKU,IsTombstone,IsDirty) VALUES (0,'@ref[Catalog_Equipment]:6fe8882a-ba04-11e5-80d9-005056011152',1,'Аквариум (100 л.','000000007','@ref[Catalog_SKU]:6fe88829-ba04-11e5-80d9-005056011152',0,0);
INSERT INTO `_Catalog_Equipment` (Predefined,Id,DeletionMark,Description,Code,SKU,IsTombstone,IsDirty) VALUES (0,'@ref[Catalog_Equipment]:6fe8882c-ba04-11e5-80d9-005056011152',0,'Террариум (150 л.)','000000008','@ref[Catalog_SKU]:6fe8882b-ba04-11e5-80d9-005056011152',0,0);
INSERT INTO `_Catalog_Equipment` (Predefined,Id,DeletionMark,Description,Code,SKU,IsTombstone,IsDirty) VALUES (0,'@ref[Catalog_Equipment]:13bd18c0-d63d-11e5-80d9-005056011152',0,' Насос LKH-110','000000009','@ref[Catalog_SKU]:00000000-0000-0000-0000-000000000000',0,0);
INSERT INTO `_Catalog_Equipment` (Predefined,Id,DeletionMark,Description,Code,SKU,IsTombstone,IsDirty) VALUES (0,'@ref[Catalog_Equipment]:f2b77ce4-db8b-11e5-80d9-005056011152',1,'VEKA. EuroLine (ЕвроЛайн)','000000010','@ref[Catalog_SKU]:00000000-0000-0000-0000-000000000000',0,0);
INSERT INTO `_Catalog_Equipment` (Predefined,Id,DeletionMark,Description,Code,SKU,IsTombstone,IsDirty) VALUES (0,'@ref[Catalog_Equipment]:9e845e2a-df85-11e5-80d9-005056011152',0,'Холодильник Samsung','000000016','@ref[Catalog_SKU]:9e845e29-df85-11e5-80d9-005056011152',0,0);
INSERT INTO `_Catalog_Equipment` (Predefined,Id,DeletionMark,Description,Code,SKU,IsTombstone,IsDirty) VALUES (0,'@ref[Catalog_Equipment]:92c94c34-e113-11e5-80d9-005056011152',0,'Samsung Телевизор U6000L42','000000020','@ref[Catalog_SKU]:00000000-0000-0000-0000-000000000000',0,0);
INSERT INTO `_Catalog_Equipment` (Predefined,Id,DeletionMark,Description,Code,SKU,IsTombstone,IsDirty) VALUES (0,'@ref[Catalog_Equipment]:729d7c2a-e1d5-11e5-80d9-005056011152',0,'Indesit Холодильник ','000000025','@ref[Catalog_SKU]:00000000-0000-0000-0000-000000000000',0,0);
INSERT INTO `_Catalog_Equipment` (Predefined,Id,DeletionMark,Description,Code,SKU,IsTombstone,IsDirty) VALUES (0,'@ref[Catalog_Equipment]:7c58129f-e5db-11e5-80d9-005056011152',0,'Домофон CCD-2094.1М/VC','000000027','@ref[Catalog_SKU]:00000000-0000-0000-0000-000000000000',0,0);
INSERT INTO `_Catalog_Equipment` (Predefined,Id,DeletionMark,Description,Code,SKU,IsTombstone,IsDirty) VALUES (0,'@ref[Catalog_Equipment]:06b50a76-ea89-11e5-80db-005056011152',0,'Погрузчик  EP KRT 10PAC','000000029','@ref[Catalog_SKU]:00000000-0000-0000-0000-000000000000',0,0);
INSERT INTO `_Catalog_Equipment` (Predefined,Id,DeletionMark,Description,Code,SKU,IsTombstone,IsDirty) VALUES (0,'@ref[Catalog_Equipment]:f13f6abb-f63a-11e5-80e3-005056011152',0,'Холодильное оборудование E-Cube 15','000000037','@ref[Catalog_SKU]:00000000-0000-0000-0000-000000000000',0,0);
INSERT INTO `_Catalog_Equipment` (Predefined,Id,DeletionMark,Description,Code,SKU,IsTombstone,IsDirty) VALUES (0,'@ref[Catalog_Equipment]:744ab532-053f-11e6-80e3-005056011152',0,'Альпийская горка','000000040','@ref[Catalog_SKU]:00000000-0000-0000-0000-000000000000',0,0);
INSERT INTO `_Catalog_Equipment` (Predefined,Id,DeletionMark,Description,Code,SKU,IsTombstone,IsDirty) VALUES (0,'@ref[Catalog_Equipment]:c90b0558-05fc-11e6-80e3-005056011152',0,'Кофемашина Saeco Royal Coffee Bar','000000041','@ref[Catalog_SKU]:00000000-0000-0000-0000-000000000000',0,0);
INSERT INTO `_Catalog_Equipment` (Predefined,Id,DeletionMark,Description,Code,SKU,IsTombstone,IsDirty) VALUES (0,'@ref[Catalog_Equipment]:72ec6d7d-0aec-11e6-80e3-005056011152',0,'Котел Buderus Logano G125WS','000000043','@ref[Catalog_SKU]:00000000-0000-0000-0000-000000000000',0,0);
INSERT INTO `_Catalog_Contacts` (Predefined,Id,DeletionMark,Description,Code,Position,Tel,EMail,IsTombstone,IsDirty) VALUES (0,'@ref[Catalog_Contacts]:4a39bf59-d49f-11e5-80d9-005056011152',0,'Алексей Миллер','000000001','Председатель правления','89991231212','a.miller@gazprom.ru',0,0);
INSERT INTO `_Catalog_Contacts` (Predefined,Id,DeletionMark,Description,Code,Position,Tel,EMail,IsTombstone,IsDirty) VALUES (0,'@ref[Catalog_Contacts]:4a39bf5a-d49f-11e5-80d9-005056011152',0,'Дмитрий Медведев','000000002','премьер-министр','81563518684','',0,0);
INSERT INTO `_Catalog_Contacts` (Predefined,Id,DeletionMark,Description,Code,Position,Tel,EMail,IsTombstone,IsDirty) VALUES (0,'@ref[Catalog_Contacts]:4a39bf5b-d49f-11e5-80d9-005056011152',0,'Сергей Галицкий','000000003','Генеральный директор','89991231212','',0,0);
INSERT INTO `_Catalog_Contacts` (Predefined,Id,DeletionMark,Description,Code,Position,Tel,EMail,IsTombstone,IsDirty) VALUES (0,'@ref[Catalog_Contacts]:4a39bf5c-d49f-11e5-80d9-005056011152',0,'Онджей Фридрих','000000004','Генеральный директор','89991231212','',0,0);
INSERT INTO `_Catalog_Contacts` (Predefined,Id,DeletionMark,Description,Code,Position,Tel,EMail,IsTombstone,IsDirty) VALUES (0,'@ref[Catalog_Contacts]:4a39bf5d-d49f-11e5-80d9-005056011152',0,'Герман Греф','000000005','Президент','899912312312','',0,0);
INSERT INTO `_Catalog_Contacts` (Predefined,Id,DeletionMark,Description,Code,Position,Tel,EMail,IsTombstone,IsDirty) VALUES (0,'@ref[Catalog_Contacts]:4a39bf5e-d49f-11e5-80d9-005056011152',0,'Виталий Савельев','000000006','Генеральный директор','89991231212','v.saveliev@aeroflot.ru',0,0);
INSERT INTO `_Catalog_Contacts` (Predefined,Id,DeletionMark,Description,Code,Position,Tel,EMail,IsTombstone,IsDirty) VALUES (0,'@ref[Catalog_Contacts]:4a39bf5f-d49f-11e5-80d9-005056011152',0,'Иван Таврин','000000007','Исполнительный директор','89991231212','i.tavrin@megafon.ru',0,0);
INSERT INTO `_Catalog_Contacts` (Predefined,Id,DeletionMark,Description,Code,Position,Tel,EMail,IsTombstone,IsDirty) VALUES (0,'@ref[Catalog_Contacts]:13bd18c2-d63d-11e5-80d9-005056011152',0,'Сергеев Сергей','000000008','Начальник ТО','89998887766','',0,0);
INSERT INTO `_Catalog_Contacts` (Predefined,Id,DeletionMark,Description,Code,Position,Tel,EMail,IsTombstone,IsDirty) VALUES (0,'@ref[Catalog_Contacts]:7afff6c2-dbac-11e5-80d9-005056011152',0,'Андрей Егорченков','000000009','Главный механик','8-911-258-89-96','',0,0);
INSERT INTO `_Catalog_Contacts` (Predefined,Id,DeletionMark,Description,Code,Position,Tel,EMail,IsTombstone,IsDirty) VALUES (0,'@ref[Catalog_Contacts]:b88ff728-debb-11e5-80d9-005056011152',0,'Яков Яковлевич','000000010','Начальник IT','8-000-111-22-33','',0,0);
INSERT INTO `_Catalog_Contacts` (Predefined,Id,DeletionMark,Description,Code,Position,Tel,EMail,IsTombstone,IsDirty) VALUES (0,'@ref[Catalog_Contacts]:9e845e16-df85-11e5-80d9-005056011152',0,'Фёдоров Михаил','000000011','','+79111234567','',0,0);
INSERT INTO `_Catalog_Contacts` (Predefined,Id,DeletionMark,Description,Code,Position,Tel,EMail,IsTombstone,IsDirty) VALUES (0,'@ref[Catalog_Contacts]:9e845e1a-df85-11e5-80d9-005056011152',0,'Ира','000000012','ХЗ','+79117046011','',0,0);
INSERT INTO `_Catalog_Contacts` (Predefined,Id,DeletionMark,Description,Code,Position,Tel,EMail,IsTombstone,IsDirty) VALUES (0,'@ref[Catalog_Contacts]:9e845e22-df85-11e5-80d9-005056011152',0,'Ресепшн','000000013','Секретарь','88121234567','',0,0);
INSERT INTO `_Catalog_Contacts` (Predefined,Id,DeletionMark,Description,Code,Position,Tel,EMail,IsTombstone,IsDirty) VALUES (0,'@ref[Catalog_Contacts]:9e845e26-df85-11e5-80d9-005056011152',0,'Пётр','000000014','','+78123247533','',0,0);
INSERT INTO `_Catalog_Contacts` (Predefined,Id,DeletionMark,Description,Code,Position,Tel,EMail,IsTombstone,IsDirty) VALUES (0,'@ref[Catalog_Contacts]:759e4cfa-e079-11e5-80d9-005056011152',0,'Елена','000000015','Кассир','383838338','амраврп',0,0);
INSERT INTO `_Catalog_Contacts` (Predefined,Id,DeletionMark,Description,Code,Position,Tel,EMail,IsTombstone,IsDirty) VALUES (0,'@ref[Catalog_Contacts]:92c94c4b-e113-11e5-80d9-005056011152',0,'Алефтина Андреева','000000016','','8-111-222-33-44','',0,0);
INSERT INTO `_Catalog_Contacts` (Predefined,Id,DeletionMark,Description,Code,Position,Tel,EMail,IsTombstone,IsDirty) VALUES (0,'@ref[Catalog_Contacts]:92c94c50-e113-11e5-80d9-005056011152',0,'Бергольц Борис ','000000017','','8-999-111-4444','',0,0);
INSERT INTO `_Catalog_Contacts` (Predefined,Id,DeletionMark,Description,Code,Position,Tel,EMail,IsTombstone,IsDirty) VALUES (0,'@ref[Catalog_Contacts]:92c94c57-e113-11e5-80d9-005056011152',0,'Виктор Владимирович Волков','000000018','','8-000-222-3333','',0,0);
INSERT INTO `_Catalog_Contacts` (Predefined,Id,DeletionMark,Description,Code,Position,Tel,EMail,IsTombstone,IsDirty) VALUES (0,'@ref[Catalog_Contacts]:729d7c22-e1d5-11e5-80d9-005056011152',0,'Грибов Григорий Германович','000000019','','8-999-999-9999','',0,0);
INSERT INTO `_Catalog_Contacts` (Predefined,Id,DeletionMark,Description,Code,Position,Tel,EMail,IsTombstone,IsDirty) VALUES (0,'@ref[Catalog_Contacts]:729d7c28-e1d5-11e5-80d9-005056011152',0,'Дементьев Дмитрий Даниилович','000000020','','8-999-111-444-3333','',0,0);
INSERT INTO `_Catalog_Contacts` (Predefined,Id,DeletionMark,Description,Code,Position,Tel,EMail,IsTombstone,IsDirty) VALUES (0,'@ref[Catalog_Contacts]:729d7c2f-e1d5-11e5-80d9-005056011152',0,'Никитин Пётр','000000021','','+78121234567 одб 123','',0,0);
INSERT INTO `_Catalog_Contacts` (Predefined,Id,DeletionMark,Description,Code,Position,Tel,EMail,IsTombstone,IsDirty) VALUES (0,'@ref[Catalog_Contacts]:76b69e57-e745-11e5-80d9-005056011152',0,'Евгений','000000022','Рам','8888888','ten.es@1bit',0,0);
INSERT INTO `_Catalog_Contacts` (Predefined,Id,DeletionMark,Description,Code,Position,Tel,EMail,IsTombstone,IsDirty) VALUES (0,'@ref[Catalog_Contacts]:06b50a77-ea89-11e5-80db-005056011152',0,'Георгий Вениаминович','000000023','Начальник склада','8-333-222-11-00','',0,0);
INSERT INTO `_Catalog_Contacts` (Predefined,Id,DeletionMark,Description,Code,Position,Tel,EMail,IsTombstone,IsDirty) VALUES (0,'@ref[Catalog_Contacts]:f39e5ab8-f007-11e5-80db-005056011152',0,'Иванов Иван','000000024','Курьер','8-000-111-22-22','123@123.ru',0,0);
INSERT INTO `_Catalog_Contacts` (Predefined,Id,DeletionMark,Description,Code,Position,Tel,EMail,IsTombstone,IsDirty) VALUES (0,'@ref[Catalog_Contacts]:f39e5ab9-f007-11e5-80db-005056011152',0,'Петров Петр Петрович','000000025','Глава семьи (отец)','8-000-111-22-33','321@321.ru',0,0);
INSERT INTO `_Catalog_Contacts` (Predefined,Id,DeletionMark,Description,Code,Position,Tel,EMail,IsTombstone,IsDirty) VALUES (0,'@ref[Catalog_Contacts]:3722ca04-f0d5-11e5-80db-005056011152',0,'Бородин Д Б','000000026','','8911 1111111','',0,0);
INSERT INTO `_Catalog_Contacts` (Predefined,Id,DeletionMark,Description,Code,Position,Tel,EMail,IsTombstone,IsDirty) VALUES (0,'@ref[Catalog_Contacts]:e2e38ec7-f26d-11e5-80db-005056011152',0,'кв.1','000000027','','222-222-2','',0,0);
INSERT INTO `_Catalog_Contacts` (Predefined,Id,DeletionMark,Description,Code,Position,Tel,EMail,IsTombstone,IsDirty) VALUES (0,'@ref[Catalog_Contacts]:e2e38ec8-f26d-11e5-80db-005056011152',0,'кв.2','000000028','','333-333-3','',0,0);
INSERT INTO `_Catalog_Contacts` (Predefined,Id,DeletionMark,Description,Code,Position,Tel,EMail,IsTombstone,IsDirty) VALUES (0,'@ref[Catalog_Contacts]:d61ab347-f98b-11e5-80e3-005056011152',0,'Иванов Иван Иванович','000000029','физ.лицо','89254341212','555555@mail.ru',0,0);
INSERT INTO `_Catalog_Contacts` (Predefined,Id,DeletionMark,Description,Code,Position,Tel,EMail,IsTombstone,IsDirty) VALUES (0,'@ref[Catalog_Contacts]:d61ab354-f98b-11e5-80e3-005056011152',0,'Петр','000000030','глава семьи','8997231645','',0,0);
INSERT INTO `_Catalog_Contacts` (Predefined,Id,DeletionMark,Description,Code,Position,Tel,EMail,IsTombstone,IsDirty) VALUES (0,'@ref[Catalog_Contacts]:bc25a662-fb39-11e5-80e3-005056011152',0,'Иван','000000031','','8-888-999-66-66','',0,0);
INSERT INTO `_Catalog_Contacts` (Predefined,Id,DeletionMark,Description,Code,Position,Tel,EMail,IsTombstone,IsDirty) VALUES (0,'@ref[Catalog_Contacts]:422820b7-fff9-11e5-80e3-005056011152',0,'Иван Глебов','000000032','Тех.руководитель','1234567612345','123456123456орпая',0,0);
INSERT INTO `_Catalog_Contacts` (Predefined,Id,DeletionMark,Description,Code,Position,Tel,EMail,IsTombstone,IsDirty) VALUES (0,'@ref[Catalog_Contacts]:9e69fc07-0074-11e6-80e3-005056011152',0,'василий','000000033','брат','36864921928ё','luigraton@mail.ru',0,0);
INSERT INTO `_Catalog_Contacts` (Predefined,Id,DeletionMark,Description,Code,Position,Tel,EMail,IsTombstone,IsDirty) VALUES (0,'@ref[Catalog_Contacts]:72ec6d83-0aec-11e6-80e3-005056011152',0,'тест','000000034','тест','3494221685','',0,0);
INSERT INTO `_Catalog_Contacts` (Predefined,Id,DeletionMark,Description,Code,Position,Tel,EMail,IsTombstone,IsDirty) VALUES (0,'@ref[Catalog_Contacts]:fdc900f2-0c44-11e6-80e3-005056011152',0,'Антон','000000035','','78978з8','jdjnk',0,0);
INSERT INTO `_Catalog_Contacts` (Predefined,Id,DeletionMark,Description,Code,Position,Tel,EMail,IsTombstone,IsDirty) VALUES (0,'@ref[Catalog_Contacts]:08f5238e-1214-11e6-80e3-005056011152',0,'Cerny, Petr','000000036','','758 958 568','rehau@rehau.cz',0,0);
INSERT INTO `_Catalog_Contacts` (Predefined,Id,DeletionMark,Description,Code,Position,Tel,EMail,IsTombstone,IsDirty) VALUES (0,'@ref[Catalog_Contacts]:08f52393-1214-11e6-80e3-005056011152',0,'Ivana Dvorakova','000000037','','758 868 966','cezol@cez.cz',0,0);
INSERT INTO `_Catalog_Contacts` (Predefined,Id,DeletionMark,Description,Code,Position,Tel,EMail,IsTombstone,IsDirty) VALUES (0,'@ref[Catalog_Contacts]:08f52395-1214-11e6-80e3-005056011152',0,'Petr Zbynek','000000038','jednatel','585 888 888','toc@toc.cz',0,0);
INSERT INTO `_Catalog_Contacts` (Predefined,Id,DeletionMark,Description,Code,Position,Tel,EMail,IsTombstone,IsDirty) VALUES (0,'@ref[Catalog_Contacts]:08f52397-1214-11e6-80e3-005056011152',0,'Ing. Miroslav Hanousek','000000039','Vedouci','787 877 777','uc@uc.cz',0,0);
INSERT INTO `_Catalog_Client_Parameters` (Id,LineNumber,Ref,Parameter,Val,IsTombstone,IsDirty) VALUES ('@ref[Catalog_Client_Parameters]:3bd1aee7-671c-e611-80c3-005056010e44',13,'@ref[Catalog_Client]:56087fac-b90f-11e5-80d9-005056011152','@ref[Catalog_ClientOptions]:79d892ef-f0d1-11e5-80db-005056011152','указать',0,0);
INSERT INTO `_Catalog_Client_Parameters` (Id,LineNumber,Ref,Parameter,Val,IsTombstone,IsDirty) VALUES ('@ref[Catalog_Client_Parameters]:3ad1aee7-671c-e611-80c3-005056010e44',12,'@ref[Catalog_Client]:56087fac-b90f-11e5-80d9-005056011152','@ref[Catalog_ClientOptions]:0677aa15-eeba-11e5-80db-005056011152','',0,0);
INSERT INTO `_Catalog_Client_Parameters` (Id,LineNumber,Ref,Parameter,Val,IsTombstone,IsDirty) VALUES ('@ref[Catalog_Client_Parameters]:39d1aee7-671c-e611-80c3-005056010e44',11,'@ref[Catalog_Client]:56087fac-b90f-11e5-80d9-005056011152','@ref[Catalog_ClientOptions]:0677aa14-eeba-11e5-80db-005056011152','',0,0);
INSERT INTO `_Catalog_Client_Parameters` (Id,LineNumber,Ref,Parameter,Val,IsTombstone,IsDirty) VALUES ('@ref[Catalog_Client_Parameters]:38d1aee7-671c-e611-80c3-005056010e44',10,'@ref[Catalog_Client]:56087fac-b90f-11e5-80d9-005056011152','@ref[Catalog_ClientOptions]:f249e6df-ee0a-11e5-80db-005056011152','',0,0);
INSERT INTO `_Catalog_Client_Parameters` (Id,LineNumber,Ref,Parameter,Val,IsTombstone,IsDirty) VALUES ('@ref[Catalog_Client_Parameters]:37d1aee7-671c-e611-80c3-005056010e44',9,'@ref[Catalog_Client]:56087fac-b90f-11e5-80d9-005056011152','@ref[Catalog_ClientOptions]:f249e6de-ee0a-11e5-80db-005056011152','',0,0);
INSERT INTO `_Catalog_Client_Parameters` (Id,LineNumber,Ref,Parameter,Val,IsTombstone,IsDirty) VALUES ('@ref[Catalog_Client_Parameters]:36d1aee7-671c-e611-80c3-005056010e44',8,'@ref[Catalog_Client]:56087fac-b90f-11e5-80d9-005056011152','@ref[Catalog_ClientOptions]:f249e6dd-ee0a-11e5-80db-005056011152','',0,0);
INSERT INTO `_Catalog_Client_Parameters` (Id,LineNumber,Ref,Parameter,Val,IsTombstone,IsDirty) VALUES ('@ref[Catalog_Client_Parameters]:35d1aee7-671c-e611-80c3-005056010e44',7,'@ref[Catalog_Client]:56087fac-b90f-11e5-80d9-005056011152','@ref[Catalog_ClientOptions]:f249e6dc-ee0a-11e5-80db-005056011152','',0,0);
INSERT INTO `_Catalog_Client_Parameters` (Id,LineNumber,Ref,Parameter,Val,IsTombstone,IsDirty) VALUES ('@ref[Catalog_Client_Parameters]:34d1aee7-671c-e611-80c3-005056010e44',6,'@ref[Catalog_Client]:56087fac-b90f-11e5-80d9-005056011152','@ref[Catalog_ClientOptions]:f249e6db-ee0a-11e5-80db-005056011152','',0,0);
INSERT INTO `_Catalog_Client_Parameters` (Id,LineNumber,Ref,Parameter,Val,IsTombstone,IsDirty) VALUES ('@ref[Catalog_Client_Parameters]:33d1aee7-671c-e611-80c3-005056010e44',5,'@ref[Catalog_Client]:56087fac-b90f-11e5-80d9-005056011152','@ref[Catalog_ClientOptions]:f249e6da-ee0a-11e5-80db-005056011152','Телефония',0,0);
INSERT INTO `_Catalog_Client_Parameters` (Id,LineNumber,Ref,Parameter,Val,IsTombstone,IsDirty) VALUES ('@ref[Catalog_Client_Parameters]:32d1aee7-671c-e611-80c3-005056010e44',2,'@ref[Catalog_Client]:56087fac-b90f-11e5-80d9-005056011152','@ref[Catalog_ClientOptions]:2770a00f-d6d3-11e5-80d9-005056011152','',0,0);
INSERT INTO `_Catalog_Client_Parameters` (Id,LineNumber,Ref,Parameter,Val,IsTombstone,IsDirty) VALUES ('@ref[Catalog_Client_Parameters]:31d1aee7-671c-e611-80c3-005056010e44',3,'@ref[Catalog_Client]:56087fac-b90f-11e5-80d9-005056011152','@ref[Catalog_ClientOptions]:7afff6cf-dbac-11e5-80d9-005056011152','',0,0);
INSERT INTO `_Catalog_Client_Parameters` (Id,LineNumber,Ref,Parameter,Val,IsTombstone,IsDirty) VALUES ('@ref[Catalog_Client_Parameters]:30d1aee7-671c-e611-80c3-005056010e44',4,'@ref[Catalog_Client]:56087fac-b90f-11e5-80d9-005056011152','@ref[Catalog_ClientOptions]:9e845e2c-df85-11e5-80d9-005056011152','155',0,0);
INSERT INTO `_Catalog_Client_Parameters` (Id,LineNumber,Ref,Parameter,Val,IsTombstone,IsDirty) VALUES ('@ref[Catalog_Client_Parameters]:2fd1aee7-671c-e611-80c3-005056010e44',1,'@ref[Catalog_Client]:56087fac-b90f-11e5-80d9-005056011152','@ref[Catalog_ClientOptions]:13bd18c6-d63d-11e5-80d9-005056011152','85799ffc-50dd-a8ee-882f-4a00a5d88b86',0,0);
INSERT INTO `_Catalog_Client_Parameters` (Id,LineNumber,Ref,Parameter,Val,IsTombstone,IsDirty) VALUES ('@ref[Catalog_Client_Parameters]:5cd1aee7-671c-e611-80c3-005056010e44',12,'@ref[Catalog_Client]:18495924-b92e-11e5-80d9-005056011152','@ref[Catalog_ClientOptions]:0677aa15-eeba-11e5-80db-005056011152','',0,0);
INSERT INTO `_Catalog_Client_Parameters` (Id,LineNumber,Ref,Parameter,Val,IsTombstone,IsDirty) VALUES ('@ref[Catalog_Client_Parameters]:5bd1aee7-671c-e611-80c3-005056010e44',11,'@ref[Catalog_Client]:18495924-b92e-11e5-80d9-005056011152','@ref[Catalog_ClientOptions]:0677aa14-eeba-11e5-80db-005056011152','',0,0);
INSERT INTO `_Catalog_Client_Parameters` (Id,LineNumber,Ref,Parameter,Val,IsTombstone,IsDirty) VALUES ('@ref[Catalog_Client_Parameters]:5ad1aee7-671c-e611-80c3-005056010e44',10,'@ref[Catalog_Client]:18495924-b92e-11e5-80d9-005056011152','@ref[Catalog_ClientOptions]:f249e6df-ee0a-11e5-80db-005056011152','',0,0);
INSERT INTO `_Catalog_Client_Parameters` (Id,LineNumber,Ref,Parameter,Val,IsTombstone,IsDirty) VALUES ('@ref[Catalog_Client_Parameters]:59d1aee7-671c-e611-80c3-005056010e44',9,'@ref[Catalog_Client]:18495924-b92e-11e5-80d9-005056011152','@ref[Catalog_ClientOptions]:f249e6de-ee0a-11e5-80db-005056011152','',0,0);
INSERT INTO `_Catalog_Client_Parameters` (Id,LineNumber,Ref,Parameter,Val,IsTombstone,IsDirty) VALUES ('@ref[Catalog_Client_Parameters]:58d1aee7-671c-e611-80c3-005056010e44',8,'@ref[Catalog_Client]:18495924-b92e-11e5-80d9-005056011152','@ref[Catalog_ClientOptions]:f249e6dd-ee0a-11e5-80db-005056011152','',0,0);
INSERT INTO `_Catalog_Client_Parameters` (Id,LineNumber,Ref,Parameter,Val,IsTombstone,IsDirty) VALUES ('@ref[Catalog_Client_Parameters]:57d1aee7-671c-e611-80c3-005056010e44',7,'@ref[Catalog_Client]:18495924-b92e-11e5-80d9-005056011152','@ref[Catalog_ClientOptions]:f249e6dc-ee0a-11e5-80db-005056011152','',0,0);
INSERT INTO `_Catalog_Client_Parameters` (Id,LineNumber,Ref,Parameter,Val,IsTombstone,IsDirty) VALUES ('@ref[Catalog_Client_Parameters]:56d1aee7-671c-e611-80c3-005056010e44',6,'@ref[Catalog_Client]:18495924-b92e-11e5-80d9-005056011152','@ref[Catalog_ClientOptions]:f249e6db-ee0a-11e5-80db-005056011152','3 Мбит/с',0,0);
INSERT INTO `_Catalog_Client_Parameters` (Id,LineNumber,Ref,Parameter,Val,IsTombstone,IsDirty) VALUES ('@ref[Catalog_Client_Parameters]:55d1aee7-671c-e611-80c3-005056010e44',5,'@ref[Catalog_Client]:18495924-b92e-11e5-80d9-005056011152','@ref[Catalog_ClientOptions]:f249e6da-ee0a-11e5-80db-005056011152','Интернет',0,0);
INSERT INTO `_Catalog_Client_Parameters` (Id,LineNumber,Ref,Parameter,Val,IsTombstone,IsDirty) VALUES ('@ref[Catalog_Client_Parameters]:54d1aee7-671c-e611-80c3-005056010e44',2,'@ref[Catalog_Client]:18495924-b92e-11e5-80d9-005056011152','@ref[Catalog_ClientOptions]:2770a00f-d6d3-11e5-80d9-005056011152','affc8466-ebc1-a8ef-0358-a793af10c3eb',0,0);
INSERT INTO `_Catalog_Client_Parameters` (Id,LineNumber,Ref,Parameter,Val,IsTombstone,IsDirty) VALUES ('@ref[Catalog_Client_Parameters]:53d1aee7-671c-e611-80c3-005056010e44',3,'@ref[Catalog_Client]:18495924-b92e-11e5-80d9-005056011152','@ref[Catalog_ClientOptions]:7afff6cf-dbac-11e5-80d9-005056011152','',0,0);
INSERT INTO `_Catalog_Client_Parameters` (Id,LineNumber,Ref,Parameter,Val,IsTombstone,IsDirty) VALUES ('@ref[Catalog_Client_Parameters]:52d1aee7-671c-e611-80c3-005056010e44',4,'@ref[Catalog_Client]:18495924-b92e-11e5-80d9-005056011152','@ref[Catalog_ClientOptions]:9e845e2c-df85-11e5-80d9-005056011152','',0,0);
INSERT INTO `_Catalog_Client_Parameters` (Id,LineNumber,Ref,Parameter,Val,IsTombstone,IsDirty) VALUES ('@ref[Catalog_Client_Parameters]:51d1aee7-671c-e611-80c3-005056010e44',1,'@ref[Catalog_Client]:18495924-b92e-11e5-80d9-005056011152','@ref[Catalog_ClientOptions]:13bd18c6-d63d-11e5-80d9-005056011152','5506e896-0d0e-91d5-9903-e507f281d63a',0,0);
INSERT INTO `_Catalog_Client_Parameters` (Id,LineNumber,Ref,Parameter,Val,IsTombstone,IsDirty) VALUES ('@ref[Catalog_Client_Parameters]:69d1aee7-671c-e611-80c3-005056010e44',9,'@ref[Catalog_Client]:7afff6c1-dbac-11e5-80d9-005056011152','@ref[Catalog_ClientOptions]:f249e6df-ee0a-11e5-80db-005056011152','',0,0);
INSERT INTO `_Catalog_Client_Parameters` (Id,LineNumber,Ref,Parameter,Val,IsTombstone,IsDirty) VALUES ('@ref[Catalog_Client_Parameters]:68d1aee7-671c-e611-80c3-005056010e44',8,'@ref[Catalog_Client]:7afff6c1-dbac-11e5-80d9-005056011152','@ref[Catalog_ClientOptions]:f249e6de-ee0a-11e5-80db-005056011152','',0,0);
INSERT INTO `_Catalog_Client_Parameters` (Id,LineNumber,Ref,Parameter,Val,IsTombstone,IsDirty) VALUES ('@ref[Catalog_Client_Parameters]:67d1aee7-671c-e611-80c3-005056010e44',7,'@ref[Catalog_Client]:7afff6c1-dbac-11e5-80d9-005056011152','@ref[Catalog_ClientOptions]:f249e6dd-ee0a-11e5-80db-005056011152','',0,0);
INSERT INTO `_Catalog_Client_Parameters` (Id,LineNumber,Ref,Parameter,Val,IsTombstone,IsDirty) VALUES ('@ref[Catalog_Client_Parameters]:66d1aee7-671c-e611-80c3-005056010e44',6,'@ref[Catalog_Client]:7afff6c1-dbac-11e5-80d9-005056011152','@ref[Catalog_ClientOptions]:f249e6dc-ee0a-11e5-80db-005056011152','',0,0);
INSERT INTO `_Catalog_Client_Parameters` (Id,LineNumber,Ref,Parameter,Val,IsTombstone,IsDirty) VALUES ('@ref[Catalog_Client_Parameters]:65d1aee7-671c-e611-80c3-005056010e44',5,'@ref[Catalog_Client]:7afff6c1-dbac-11e5-80d9-005056011152','@ref[Catalog_ClientOptions]:f249e6db-ee0a-11e5-80db-005056011152','',0,0);
INSERT INTO `_Catalog_Client_Parameters` (Id,LineNumber,Ref,Parameter,Val,IsTombstone,IsDirty) VALUES ('@ref[Catalog_Client_Parameters]:64d1aee7-671c-e611-80c3-005056010e44',4,'@ref[Catalog_Client]:7afff6c1-dbac-11e5-80d9-005056011152','@ref[Catalog_ClientOptions]:f249e6da-ee0a-11e5-80db-005056011152','',0,0);
INSERT INTO `_Catalog_Client_Parameters` (Id,LineNumber,Ref,Parameter,Val,IsTombstone,IsDirty) VALUES ('@ref[Catalog_Client_Parameters]:63d1aee7-671c-e611-80c3-005056010e44',1,'@ref[Catalog_Client]:7afff6c1-dbac-11e5-80d9-005056011152','@ref[Catalog_ClientOptions]:2770a00f-d6d3-11e5-80d9-005056011152','',0,0);
INSERT INTO `_Catalog_Client_Parameters` (Id,LineNumber,Ref,Parameter,Val,IsTombstone,IsDirty) VALUES ('@ref[Catalog_Client_Parameters]:62d1aee7-671c-e611-80c3-005056010e44',2,'@ref[Catalog_Client]:7afff6c1-dbac-11e5-80d9-005056011152','@ref[Catalog_ClientOptions]:7afff6cf-dbac-11e5-80d9-005056011152','',0,0);
INSERT INTO `_Catalog_Client_Parameters` (Id,LineNumber,Ref,Parameter,Val,IsTombstone,IsDirty) VALUES ('@ref[Catalog_Client_Parameters]:61d1aee7-671c-e611-80c3-005056010e44',3,'@ref[Catalog_Client]:7afff6c1-dbac-11e5-80d9-005056011152','@ref[Catalog_ClientOptions]:9e845e2c-df85-11e5-80d9-005056011152','',0,0);
INSERT INTO `_Catalog_Client_Parameters` (Id,LineNumber,Ref,Parameter,Val,IsTombstone,IsDirty) VALUES ('@ref[Catalog_Client_Parameters]:78d1aee7-671c-e611-80c3-005056010e44',2,'@ref[Catalog_Client]:9e845e27-df85-11e5-80d9-005056011152','@ref[Catalog_ClientOptions]:2770a00f-d6d3-11e5-80d9-005056011152','',0,0);
INSERT INTO `_Catalog_Client_Parameters` (Id,LineNumber,Ref,Parameter,Val,IsTombstone,IsDirty) VALUES ('@ref[Catalog_Client_Parameters]:77d1aee7-671c-e611-80c3-005056010e44',3,'@ref[Catalog_Client]:9e845e27-df85-11e5-80d9-005056011152','@ref[Catalog_ClientOptions]:7afff6cf-dbac-11e5-80d9-005056011152','',0,0);
INSERT INTO `_Catalog_Client_Parameters` (Id,LineNumber,Ref,Parameter,Val,IsTombstone,IsDirty) VALUES ('@ref[Catalog_Client_Parameters]:76d1aee7-671c-e611-80c3-005056010e44',4,'@ref[Catalog_Client]:9e845e27-df85-11e5-80d9-005056011152','@ref[Catalog_ClientOptions]:9e845e2c-df85-11e5-80d9-005056011152','',0,0);
INSERT INTO `_Catalog_Client_Parameters` (Id,LineNumber,Ref,Parameter,Val,IsTombstone,IsDirty) VALUES ('@ref[Catalog_Client_Parameters]:75d1aee7-671c-e611-80c3-005056010e44',1,'@ref[Catalog_Client]:9e845e27-df85-11e5-80d9-005056011152','@ref[Catalog_ClientOptions]:13bd18c6-d63d-11e5-80d9-005056011152','',0,0);
INSERT INTO `_Catalog_Client_Parameters` (Id,LineNumber,Ref,Parameter,Val,IsTombstone,IsDirty) VALUES ('@ref[Catalog_Client_Parameters]:7dd1aee7-671c-e611-80c3-005056010e44',2,'@ref[Catalog_Client]:759e4cfb-e079-11e5-80d9-005056011152','@ref[Catalog_ClientOptions]:2770a00f-d6d3-11e5-80d9-005056011152','',0,0);
INSERT INTO `_Catalog_Client_Parameters` (Id,LineNumber,Ref,Parameter,Val,IsTombstone,IsDirty) VALUES ('@ref[Catalog_Client_Parameters]:7cd1aee7-671c-e611-80c3-005056010e44',3,'@ref[Catalog_Client]:759e4cfb-e079-11e5-80d9-005056011152','@ref[Catalog_ClientOptions]:7afff6cf-dbac-11e5-80d9-005056011152','',0,0);
INSERT INTO `_Catalog_Client_Parameters` (Id,LineNumber,Ref,Parameter,Val,IsTombstone,IsDirty) VALUES ('@ref[Catalog_Client_Parameters]:7bd1aee7-671c-e611-80c3-005056010e44',4,'@ref[Catalog_Client]:759e4cfb-e079-11e5-80d9-005056011152','@ref[Catalog_ClientOptions]:9e845e2c-df85-11e5-80d9-005056011152','',0,0);
INSERT INTO `_Catalog_Client_Parameters` (Id,LineNumber,Ref,Parameter,Val,IsTombstone,IsDirty) VALUES ('@ref[Catalog_Client_Parameters]:7ad1aee7-671c-e611-80c3-005056010e44',1,'@ref[Catalog_Client]:759e4cfb-e079-11e5-80d9-005056011152','@ref[Catalog_ClientOptions]:13bd18c6-d63d-11e5-80d9-005056011152','',0,0);
INSERT INTO `_Catalog_Client_Parameters` (Id,LineNumber,Ref,Parameter,Val,IsTombstone,IsDirty) VALUES ('@ref[Catalog_Client_Parameters]:96d1aee7-671c-e611-80c3-005056010e44',2,'@ref[Catalog_Client]:729d7c29-e1d5-11e5-80d9-005056011152','@ref[Catalog_ClientOptions]:2770a00f-d6d3-11e5-80d9-005056011152','',0,0);
INSERT INTO `_Catalog_Client_Parameters` (Id,LineNumber,Ref,Parameter,Val,IsTombstone,IsDirty) VALUES ('@ref[Catalog_Client_Parameters]:95d1aee7-671c-e611-80c3-005056010e44',3,'@ref[Catalog_Client]:729d7c29-e1d5-11e5-80d9-005056011152','@ref[Catalog_ClientOptions]:7afff6cf-dbac-11e5-80d9-005056011152','',0,0);
INSERT INTO `_Catalog_Client_Parameters` (Id,LineNumber,Ref,Parameter,Val,IsTombstone,IsDirty) VALUES ('@ref[Catalog_Client_Parameters]:94d1aee7-671c-e611-80c3-005056010e44',4,'@ref[Catalog_Client]:729d7c29-e1d5-11e5-80d9-005056011152','@ref[Catalog_ClientOptions]:9e845e2c-df85-11e5-80d9-005056011152','',0,0);
INSERT INTO `_Catalog_Client_Parameters` (Id,LineNumber,Ref,Parameter,Val,IsTombstone,IsDirty) VALUES ('@ref[Catalog_Client_Parameters]:93d1aee7-671c-e611-80c3-005056010e44',1,'@ref[Catalog_Client]:729d7c29-e1d5-11e5-80d9-005056011152','@ref[Catalog_ClientOptions]:13bd18c6-d63d-11e5-80d9-005056011152','',0,0);
INSERT INTO `_Catalog_Client_Parameters` (Id,LineNumber,Ref,Parameter,Val,IsTombstone,IsDirty) VALUES ('@ref[Catalog_Client_Parameters]:a0d1aee7-671c-e611-80c3-005056010e44',2,'@ref[Catalog_Client]:76b69e58-e745-11e5-80d9-005056011152','@ref[Catalog_ClientOptions]:2770a00f-d6d3-11e5-80d9-005056011152','',0,0);
INSERT INTO `_Catalog_Client_Parameters` (Id,LineNumber,Ref,Parameter,Val,IsTombstone,IsDirty) VALUES ('@ref[Catalog_Client_Parameters]:9fd1aee7-671c-e611-80c3-005056010e44',3,'@ref[Catalog_Client]:76b69e58-e745-11e5-80d9-005056011152','@ref[Catalog_ClientOptions]:7afff6cf-dbac-11e5-80d9-005056011152','',0,0);
INSERT INTO `_Catalog_Client_Parameters` (Id,LineNumber,Ref,Parameter,Val,IsTombstone,IsDirty) VALUES ('@ref[Catalog_Client_Parameters]:9ed1aee7-671c-e611-80c3-005056010e44',4,'@ref[Catalog_Client]:76b69e58-e745-11e5-80d9-005056011152','@ref[Catalog_ClientOptions]:9e845e2c-df85-11e5-80d9-005056011152','',0,0);
INSERT INTO `_Catalog_Client_Parameters` (Id,LineNumber,Ref,Parameter,Val,IsTombstone,IsDirty) VALUES ('@ref[Catalog_Client_Parameters]:9dd1aee7-671c-e611-80c3-005056010e44',1,'@ref[Catalog_Client]:76b69e58-e745-11e5-80d9-005056011152','@ref[Catalog_ClientOptions]:13bd18c6-d63d-11e5-80d9-005056011152','',0,0);
INSERT INTO `_Catalog_Client_Parameters` (Id,LineNumber,Ref,Parameter,Val,IsTombstone,IsDirty) VALUES ('@ref[Catalog_Client_Parameters]:d8d1aee7-671c-e611-80c3-005056010e44',13,'@ref[Catalog_Client]:d37ffb4a-f5a2-11e5-80e3-005056011152','@ref[Catalog_ClientOptions]:79d892ef-f0d1-11e5-80db-005056011152','',0,0);
INSERT INTO `_Catalog_Client_Parameters` (Id,LineNumber,Ref,Parameter,Val,IsTombstone,IsDirty) VALUES ('@ref[Catalog_Client_Parameters]:d7d1aee7-671c-e611-80c3-005056010e44',12,'@ref[Catalog_Client]:d37ffb4a-f5a2-11e5-80e3-005056011152','@ref[Catalog_ClientOptions]:0677aa15-eeba-11e5-80db-005056011152','',0,0);
INSERT INTO `_Catalog_Client_Parameters` (Id,LineNumber,Ref,Parameter,Val,IsTombstone,IsDirty) VALUES ('@ref[Catalog_Client_Parameters]:d6d1aee7-671c-e611-80c3-005056010e44',11,'@ref[Catalog_Client]:d37ffb4a-f5a2-11e5-80e3-005056011152','@ref[Catalog_ClientOptions]:0677aa14-eeba-11e5-80db-005056011152','',0,0);
INSERT INTO `_Catalog_Client_Parameters` (Id,LineNumber,Ref,Parameter,Val,IsTombstone,IsDirty) VALUES ('@ref[Catalog_Client_Parameters]:d5d1aee7-671c-e611-80c3-005056010e44',10,'@ref[Catalog_Client]:d37ffb4a-f5a2-11e5-80e3-005056011152','@ref[Catalog_ClientOptions]:f249e6df-ee0a-11e5-80db-005056011152','',0,0);
INSERT INTO `_Catalog_Client_Parameters` (Id,LineNumber,Ref,Parameter,Val,IsTombstone,IsDirty) VALUES ('@ref[Catalog_Client_Parameters]:d4d1aee7-671c-e611-80c3-005056010e44',9,'@ref[Catalog_Client]:d37ffb4a-f5a2-11e5-80e3-005056011152','@ref[Catalog_ClientOptions]:f249e6de-ee0a-11e5-80db-005056011152','',0,0);
INSERT INTO `_Catalog_Client_Parameters` (Id,LineNumber,Ref,Parameter,Val,IsTombstone,IsDirty) VALUES ('@ref[Catalog_Client_Parameters]:d3d1aee7-671c-e611-80c3-005056010e44',8,'@ref[Catalog_Client]:d37ffb4a-f5a2-11e5-80e3-005056011152','@ref[Catalog_ClientOptions]:f249e6dd-ee0a-11e5-80db-005056011152','',0,0);
INSERT INTO `_Catalog_Client_Parameters` (Id,LineNumber,Ref,Parameter,Val,IsTombstone,IsDirty) VALUES ('@ref[Catalog_Client_Parameters]:d2d1aee7-671c-e611-80c3-005056010e44',7,'@ref[Catalog_Client]:d37ffb4a-f5a2-11e5-80e3-005056011152','@ref[Catalog_ClientOptions]:f249e6dc-ee0a-11e5-80db-005056011152','',0,0);
INSERT INTO `_Catalog_Client_Parameters` (Id,LineNumber,Ref,Parameter,Val,IsTombstone,IsDirty) VALUES ('@ref[Catalog_Client_Parameters]:d1d1aee7-671c-e611-80c3-005056010e44',6,'@ref[Catalog_Client]:d37ffb4a-f5a2-11e5-80e3-005056011152','@ref[Catalog_ClientOptions]:f249e6db-ee0a-11e5-80db-005056011152','',0,0);
INSERT INTO `_Catalog_Client_Parameters` (Id,LineNumber,Ref,Parameter,Val,IsTombstone,IsDirty) VALUES ('@ref[Catalog_Client_Parameters]:d0d1aee7-671c-e611-80c3-005056010e44',5,'@ref[Catalog_Client]:d37ffb4a-f5a2-11e5-80e3-005056011152','@ref[Catalog_ClientOptions]:f249e6da-ee0a-11e5-80db-005056011152','',0,0);
INSERT INTO `_Catalog_Client_Parameters` (Id,LineNumber,Ref,Parameter,Val,IsTombstone,IsDirty) VALUES ('@ref[Catalog_Client_Parameters]:cfd1aee7-671c-e611-80c3-005056010e44',2,'@ref[Catalog_Client]:d37ffb4a-f5a2-11e5-80e3-005056011152','@ref[Catalog_ClientOptions]:2770a00f-d6d3-11e5-80d9-005056011152','',0,0);
INSERT INTO `_Catalog_Client_Parameters` (Id,LineNumber,Ref,Parameter,Val,IsTombstone,IsDirty) VALUES ('@ref[Catalog_Client_Parameters]:ced1aee7-671c-e611-80c3-005056010e44',3,'@ref[Catalog_Client]:d37ffb4a-f5a2-11e5-80e3-005056011152','@ref[Catalog_ClientOptions]:7afff6cf-dbac-11e5-80d9-005056011152','',0,0);
INSERT INTO `_Catalog_Client_Parameters` (Id,LineNumber,Ref,Parameter,Val,IsTombstone,IsDirty) VALUES ('@ref[Catalog_Client_Parameters]:cdd1aee7-671c-e611-80c3-005056010e44',4,'@ref[Catalog_Client]:d37ffb4a-f5a2-11e5-80e3-005056011152','@ref[Catalog_ClientOptions]:9e845e2c-df85-11e5-80d9-005056011152','',0,0);
INSERT INTO `_Catalog_Client_Parameters` (Id,LineNumber,Ref,Parameter,Val,IsTombstone,IsDirty) VALUES ('@ref[Catalog_Client_Parameters]:ccd1aee7-671c-e611-80c3-005056010e44',1,'@ref[Catalog_Client]:d37ffb4a-f5a2-11e5-80e3-005056011152','@ref[Catalog_ClientOptions]:13bd18c6-d63d-11e5-80d9-005056011152','',0,0);
INSERT INTO `_Catalog_Client_Parameters` (Id,LineNumber,Ref,Parameter,Val,IsTombstone,IsDirty) VALUES ('@ref[Catalog_Client_Parameters]:ddd1aee7-671c-e611-80c3-005056010e44',4,'@ref[Catalog_Client]:d61ab348-f98b-11e5-80e3-005056011152','@ref[Catalog_ClientOptions]:d61ab34c-f98b-11e5-80e3-005056011152','',0,0);
INSERT INTO `_Catalog_Client_Parameters` (Id,LineNumber,Ref,Parameter,Val,IsTombstone,IsDirty) VALUES ('@ref[Catalog_Client_Parameters]:dcd1aee7-671c-e611-80c3-005056010e44',3,'@ref[Catalog_Client]:d61ab348-f98b-11e5-80e3-005056011152','@ref[Catalog_ClientOptions]:d61ab34b-f98b-11e5-80e3-005056011152','',0,0);
INSERT INTO `_Catalog_Client_Parameters` (Id,LineNumber,Ref,Parameter,Val,IsTombstone,IsDirty) VALUES ('@ref[Catalog_Client_Parameters]:dbd1aee7-671c-e611-80c3-005056010e44',2,'@ref[Catalog_Client]:d61ab348-f98b-11e5-80e3-005056011152','@ref[Catalog_ClientOptions]:d61ab34a-f98b-11e5-80e3-005056011152','',0,0);
INSERT INTO `_Catalog_Client_Parameters` (Id,LineNumber,Ref,Parameter,Val,IsTombstone,IsDirty) VALUES ('@ref[Catalog_Client_Parameters]:dad1aee7-671c-e611-80c3-005056010e44',1,'@ref[Catalog_Client]:d61ab348-f98b-11e5-80e3-005056011152','@ref[Catalog_ClientOptions]:d61ab349-f98b-11e5-80e3-005056011152','',0,0);
INSERT INTO `_Catalog_Client_Parameters` (Id,LineNumber,Ref,Parameter,Val,IsTombstone,IsDirty) VALUES ('@ref[Catalog_Client_Parameters]:e2d1aee7-671c-e611-80c3-005056010e44',4,'@ref[Catalog_Client]:d61ab355-f98b-11e5-80e3-005056011152','@ref[Catalog_ClientOptions]:d61ab34c-f98b-11e5-80e3-005056011152','',0,0);
INSERT INTO `_Catalog_Client_Parameters` (Id,LineNumber,Ref,Parameter,Val,IsTombstone,IsDirty) VALUES ('@ref[Catalog_Client_Parameters]:e1d1aee7-671c-e611-80c3-005056010e44',3,'@ref[Catalog_Client]:d61ab355-f98b-11e5-80e3-005056011152','@ref[Catalog_ClientOptions]:d61ab34b-f98b-11e5-80e3-005056011152','',0,0);
INSERT INTO `_Catalog_Client_Parameters` (Id,LineNumber,Ref,Parameter,Val,IsTombstone,IsDirty) VALUES ('@ref[Catalog_Client_Parameters]:e0d1aee7-671c-e611-80c3-005056010e44',2,'@ref[Catalog_Client]:d61ab355-f98b-11e5-80e3-005056011152','@ref[Catalog_ClientOptions]:d61ab34a-f98b-11e5-80e3-005056011152','',0,0);
INSERT INTO `_Catalog_Client_Parameters` (Id,LineNumber,Ref,Parameter,Val,IsTombstone,IsDirty) VALUES ('@ref[Catalog_Client_Parameters]:dfd1aee7-671c-e611-80c3-005056010e44',1,'@ref[Catalog_Client]:d61ab355-f98b-11e5-80e3-005056011152','@ref[Catalog_ClientOptions]:d61ab349-f98b-11e5-80e3-005056011152','',0,0);
INSERT INTO `_Catalog_Client_Parameters` (Id,LineNumber,Ref,Parameter,Val,IsTombstone,IsDirty) VALUES ('@ref[Catalog_Client_Parameters]:fcd1aee7-671c-e611-80c3-005056010e44',12,'@ref[Catalog_Client]:bc25a663-fb39-11e5-80e3-005056011152','@ref[Catalog_ClientOptions]:d61ab34c-f98b-11e5-80e3-005056011152','',0,0);
INSERT INTO `_Catalog_Client_Parameters` (Id,LineNumber,Ref,Parameter,Val,IsTombstone,IsDirty) VALUES ('@ref[Catalog_Client_Parameters]:fbd1aee7-671c-e611-80c3-005056010e44',11,'@ref[Catalog_Client]:bc25a663-fb39-11e5-80e3-005056011152','@ref[Catalog_ClientOptions]:d61ab34b-f98b-11e5-80e3-005056011152','',0,0);
INSERT INTO `_Catalog_Client_Parameters` (Id,LineNumber,Ref,Parameter,Val,IsTombstone,IsDirty) VALUES ('@ref[Catalog_Client_Parameters]:fad1aee7-671c-e611-80c3-005056010e44',10,'@ref[Catalog_Client]:bc25a663-fb39-11e5-80e3-005056011152','@ref[Catalog_ClientOptions]:d61ab34a-f98b-11e5-80e3-005056011152','',0,0);
INSERT INTO `_Catalog_Client_Parameters` (Id,LineNumber,Ref,Parameter,Val,IsTombstone,IsDirty) VALUES ('@ref[Catalog_Client_Parameters]:f9d1aee7-671c-e611-80c3-005056010e44',9,'@ref[Catalog_Client]:bc25a663-fb39-11e5-80e3-005056011152','@ref[Catalog_ClientOptions]:d61ab349-f98b-11e5-80e3-005056011152','',0,0);
INSERT INTO `_Catalog_Client_Parameters` (Id,LineNumber,Ref,Parameter,Val,IsTombstone,IsDirty) VALUES ('@ref[Catalog_Client_Parameters]:f8d1aee7-671c-e611-80c3-005056010e44',8,'@ref[Catalog_Client]:bc25a663-fb39-11e5-80e3-005056011152','@ref[Catalog_ClientOptions]:0677aa15-eeba-11e5-80db-005056011152','',0,0);
INSERT INTO `_Catalog_Client_Parameters` (Id,LineNumber,Ref,Parameter,Val,IsTombstone,IsDirty) VALUES ('@ref[Catalog_Client_Parameters]:f7d1aee7-671c-e611-80c3-005056010e44',7,'@ref[Catalog_Client]:bc25a663-fb39-11e5-80e3-005056011152','@ref[Catalog_ClientOptions]:0677aa14-eeba-11e5-80db-005056011152','',0,0);
INSERT INTO `_Catalog_Client_Parameters` (Id,LineNumber,Ref,Parameter,Val,IsTombstone,IsDirty) VALUES ('@ref[Catalog_Client_Parameters]:f6d1aee7-671c-e611-80c3-005056010e44',6,'@ref[Catalog_Client]:bc25a663-fb39-11e5-80e3-005056011152','@ref[Catalog_ClientOptions]:f249e6df-ee0a-11e5-80db-005056011152','',0,0);
INSERT INTO `_Catalog_Client_Parameters` (Id,LineNumber,Ref,Parameter,Val,IsTombstone,IsDirty) VALUES ('@ref[Catalog_Client_Parameters]:f5d1aee7-671c-e611-80c3-005056010e44',5,'@ref[Catalog_Client]:bc25a663-fb39-11e5-80e3-005056011152','@ref[Catalog_ClientOptions]:f249e6de-ee0a-11e5-80db-005056011152','',0,0);
INSERT INTO `_Catalog_Client_Parameters` (Id,LineNumber,Ref,Parameter,Val,IsTombstone,IsDirty) VALUES ('@ref[Catalog_Client_Parameters]:f4d1aee7-671c-e611-80c3-005056010e44',4,'@ref[Catalog_Client]:bc25a663-fb39-11e5-80e3-005056011152','@ref[Catalog_ClientOptions]:f249e6dd-ee0a-11e5-80db-005056011152','',0,0);
INSERT INTO `_Catalog_Client_Parameters` (Id,LineNumber,Ref,Parameter,Val,IsTombstone,IsDirty) VALUES ('@ref[Catalog_Client_Parameters]:f3d1aee7-671c-e611-80c3-005056010e44',3,'@ref[Catalog_Client]:bc25a663-fb39-11e5-80e3-005056011152','@ref[Catalog_ClientOptions]:f249e6dc-ee0a-11e5-80db-005056011152','',0,0);
INSERT INTO `_Catalog_Client_Parameters` (Id,LineNumber,Ref,Parameter,Val,IsTombstone,IsDirty) VALUES ('@ref[Catalog_Client_Parameters]:f2d1aee7-671c-e611-80c3-005056010e44',2,'@ref[Catalog_Client]:bc25a663-fb39-11e5-80e3-005056011152','@ref[Catalog_ClientOptions]:f249e6db-ee0a-11e5-80db-005056011152','',0,0);
INSERT INTO `_Catalog_Client_Parameters` (Id,LineNumber,Ref,Parameter,Val,IsTombstone,IsDirty) VALUES ('@ref[Catalog_Client_Parameters]:f1d1aee7-671c-e611-80c3-005056010e44',1,'@ref[Catalog_Client]:bc25a663-fb39-11e5-80e3-005056011152','@ref[Catalog_ClientOptions]:f249e6da-ee0a-11e5-80db-005056011152','',0,0);
INSERT INTO `_Catalog_Client_Parameters` (Id,LineNumber,Ref,Parameter,Val,IsTombstone,IsDirty) VALUES ('@ref[Catalog_Client_Parameters]:30d2aee7-671c-e611-80c3-005056010e44',16,'@ref[Catalog_Client]:72ec6d7c-0aec-11e6-80e3-005056011152','@ref[Catalog_ClientOptions]:422820b5-fff9-11e5-80e3-005056011152','',0,0);
INSERT INTO `_Catalog_Client_Parameters` (Id,LineNumber,Ref,Parameter,Val,IsTombstone,IsDirty) VALUES ('@ref[Catalog_Client_Parameters]:2fd2aee7-671c-e611-80c3-005056010e44',15,'@ref[Catalog_Client]:72ec6d7c-0aec-11e6-80e3-005056011152','@ref[Catalog_ClientOptions]:422820b4-fff9-11e5-80e3-005056011152','',0,0);
INSERT INTO `_Catalog_Client_Parameters` (Id,LineNumber,Ref,Parameter,Val,IsTombstone,IsDirty) VALUES ('@ref[Catalog_Client_Parameters]:2ed2aee7-671c-e611-80c3-005056010e44',14,'@ref[Catalog_Client]:72ec6d7c-0aec-11e6-80e3-005056011152','@ref[Catalog_ClientOptions]:422820b3-fff9-11e5-80e3-005056011152','',0,0);
INSERT INTO `_Catalog_Client_Parameters` (Id,LineNumber,Ref,Parameter,Val,IsTombstone,IsDirty) VALUES ('@ref[Catalog_Client_Parameters]:2dd2aee7-671c-e611-80c3-005056010e44',13,'@ref[Catalog_Client]:72ec6d7c-0aec-11e6-80e3-005056011152','@ref[Catalog_ClientOptions]:422820b2-fff9-11e5-80e3-005056011152','',0,0);
INSERT INTO `_Catalog_Client_Parameters` (Id,LineNumber,Ref,Parameter,Val,IsTombstone,IsDirty) VALUES ('@ref[Catalog_Client_Parameters]:2cd2aee7-671c-e611-80c3-005056010e44',12,'@ref[Catalog_Client]:72ec6d7c-0aec-11e6-80e3-005056011152','@ref[Catalog_ClientOptions]:d61ab34c-f98b-11e5-80e3-005056011152','',0,0);
INSERT INTO `_Catalog_Client_Parameters` (Id,LineNumber,Ref,Parameter,Val,IsTombstone,IsDirty) VALUES ('@ref[Catalog_Client_Parameters]:2bd2aee7-671c-e611-80c3-005056010e44',11,'@ref[Catalog_Client]:72ec6d7c-0aec-11e6-80e3-005056011152','@ref[Catalog_ClientOptions]:d61ab34b-f98b-11e5-80e3-005056011152','',0,0);
INSERT INTO `_Catalog_Client_Parameters` (Id,LineNumber,Ref,Parameter,Val,IsTombstone,IsDirty) VALUES ('@ref[Catalog_Client_Parameters]:2ad2aee7-671c-e611-80c3-005056010e44',10,'@ref[Catalog_Client]:72ec6d7c-0aec-11e6-80e3-005056011152','@ref[Catalog_ClientOptions]:d61ab34a-f98b-11e5-80e3-005056011152','',0,0);
INSERT INTO `_Catalog_Client_Parameters` (Id,LineNumber,Ref,Parameter,Val,IsTombstone,IsDirty) VALUES ('@ref[Catalog_Client_Parameters]:29d2aee7-671c-e611-80c3-005056010e44',9,'@ref[Catalog_Client]:72ec6d7c-0aec-11e6-80e3-005056011152','@ref[Catalog_ClientOptions]:d61ab349-f98b-11e5-80e3-005056011152','',0,0);
INSERT INTO `_Catalog_Client_Parameters` (Id,LineNumber,Ref,Parameter,Val,IsTombstone,IsDirty) VALUES ('@ref[Catalog_Client_Parameters]:28d2aee7-671c-e611-80c3-005056010e44',8,'@ref[Catalog_Client]:72ec6d7c-0aec-11e6-80e3-005056011152','@ref[Catalog_ClientOptions]:0677aa15-eeba-11e5-80db-005056011152','',0,0);
INSERT INTO `_Catalog_Client_Parameters` (Id,LineNumber,Ref,Parameter,Val,IsTombstone,IsDirty) VALUES ('@ref[Catalog_Client_Parameters]:27d2aee7-671c-e611-80c3-005056010e44',7,'@ref[Catalog_Client]:72ec6d7c-0aec-11e6-80e3-005056011152','@ref[Catalog_ClientOptions]:0677aa14-eeba-11e5-80db-005056011152','',0,0);
INSERT INTO `_Catalog_Client_Parameters` (Id,LineNumber,Ref,Parameter,Val,IsTombstone,IsDirty) VALUES ('@ref[Catalog_Client_Parameters]:26d2aee7-671c-e611-80c3-005056010e44',6,'@ref[Catalog_Client]:72ec6d7c-0aec-11e6-80e3-005056011152','@ref[Catalog_ClientOptions]:f249e6df-ee0a-11e5-80db-005056011152','',0,0);
INSERT INTO `_Catalog_Client_Parameters` (Id,LineNumber,Ref,Parameter,Val,IsTombstone,IsDirty) VALUES ('@ref[Catalog_Client_Parameters]:25d2aee7-671c-e611-80c3-005056010e44',5,'@ref[Catalog_Client]:72ec6d7c-0aec-11e6-80e3-005056011152','@ref[Catalog_ClientOptions]:f249e6de-ee0a-11e5-80db-005056011152','',0,0);
INSERT INTO `_Catalog_Client_Parameters` (Id,LineNumber,Ref,Parameter,Val,IsTombstone,IsDirty) VALUES ('@ref[Catalog_Client_Parameters]:24d2aee7-671c-e611-80c3-005056010e44',4,'@ref[Catalog_Client]:72ec6d7c-0aec-11e6-80e3-005056011152','@ref[Catalog_ClientOptions]:f249e6dd-ee0a-11e5-80db-005056011152','',0,0);
INSERT INTO `_Catalog_Client_Parameters` (Id,LineNumber,Ref,Parameter,Val,IsTombstone,IsDirty) VALUES ('@ref[Catalog_Client_Parameters]:23d2aee7-671c-e611-80c3-005056010e44',3,'@ref[Catalog_Client]:72ec6d7c-0aec-11e6-80e3-005056011152','@ref[Catalog_ClientOptions]:f249e6dc-ee0a-11e5-80db-005056011152','',0,0);
INSERT INTO `_Catalog_Client_Parameters` (Id,LineNumber,Ref,Parameter,Val,IsTombstone,IsDirty) VALUES ('@ref[Catalog_Client_Parameters]:22d2aee7-671c-e611-80c3-005056010e44',2,'@ref[Catalog_Client]:72ec6d7c-0aec-11e6-80e3-005056011152','@ref[Catalog_ClientOptions]:f249e6db-ee0a-11e5-80db-005056011152','',0,0);
INSERT INTO `_Catalog_Client_Parameters` (Id,LineNumber,Ref,Parameter,Val,IsTombstone,IsDirty) VALUES ('@ref[Catalog_Client_Parameters]:21d2aee7-671c-e611-80c3-005056010e44',1,'@ref[Catalog_Client]:72ec6d7c-0aec-11e6-80e3-005056011152','@ref[Catalog_ClientOptions]:f249e6da-ee0a-11e5-80db-005056011152','',0,0);
INSERT INTO `_Catalog_Client_Files` (Id,Ref,LineNumber,FullFileName,FileName,IsTombstone,IsDirty) VALUES ('@ref[Catalog_Client_Files]:2dd1aee7-671c-e611-80c3-005056010e44','@ref[Catalog_Client]:56087fac-b90f-11e5-80d9-005056011152',1,'/shared/Catalog.Client/56087fac-b90f-11e5-80d9-005056011152/85799ffc-50dd-a8ee-882f-4a00a5d88b86.jpg','85799ffc-50dd-a8ee-882f-4a00a5d88b86',0,0);
INSERT INTO `_Catalog_Client_Files` (Id,Ref,LineNumber,FullFileName,FileName,IsTombstone,IsDirty) VALUES ('@ref[Catalog_Client_Files]:4cd1aee7-671c-e611-80c3-005056010e44','@ref[Catalog_Client]:18495924-b92e-11e5-80d9-005056011152',1,'/shared/Catalog.Client/18495924-b92e-11e5-80d9-005056011152/5506e896-0d0e-91d5-9903-e507f281d63a.jpg','5506e896-0d0e-91d5-9903-e507f281d63a',0,0);
INSERT INTO `_Catalog_Client_Files` (Id,Ref,LineNumber,FullFileName,FileName,IsTombstone,IsDirty) VALUES ('@ref[Catalog_Client_Files]:4dd1aee7-671c-e611-80c3-005056010e44','@ref[Catalog_Client]:18495924-b92e-11e5-80d9-005056011152',1,'/shared/Catalog.Client/18495924-b92e-11e5-80d9-005056011152/affc8466-ebc1-a8ef-0358-a793af10c3eb.jpg','affc8466-ebc1-a8ef-0358-a793af10c3eb',0,0);
INSERT INTO `_Catalog_Client_Contacts` (Id,LineNumber,Ref,Contact,Actual,IsTombstone,IsDirty) VALUES ('@ref[Catalog_Client_Contacts]:2ed1aee7-671c-e611-80c3-005056010e44',1,'@ref[Catalog_Client]:56087fac-b90f-11e5-80d9-005056011152','@ref[Catalog_Contacts]:13bd18c2-d63d-11e5-80d9-005056011152',0,0,0);
INSERT INTO `_Catalog_Client_Contacts` (Id,LineNumber,Ref,Contact,Actual,IsTombstone,IsDirty) VALUES ('@ref[Catalog_Client_Contacts]:4ed1aee7-671c-e611-80c3-005056010e44',3,'@ref[Catalog_Client]:18495924-b92e-11e5-80d9-005056011152','@ref[Catalog_Contacts]:13bd18c2-d63d-11e5-80d9-005056011152',0,0,0);
INSERT INTO `_Catalog_Client_Contacts` (Id,LineNumber,Ref,Contact,Actual,IsTombstone,IsDirty) VALUES ('@ref[Catalog_Client_Contacts]:4fd1aee7-671c-e611-80c3-005056010e44',1,'@ref[Catalog_Client]:18495924-b92e-11e5-80d9-005056011152','@ref[Catalog_Contacts]:4a39bf59-d49f-11e5-80d9-005056011152',1,0,0);
INSERT INTO `_Catalog_Client_Contacts` (Id,LineNumber,Ref,Contact,Actual,IsTombstone,IsDirty) VALUES ('@ref[Catalog_Client_Contacts]:50d1aee7-671c-e611-80c3-005056010e44',2,'@ref[Catalog_Client]:18495924-b92e-11e5-80d9-005056011152','@ref[Catalog_Contacts]:f39e5ab8-f007-11e5-80db-005056011152',0,0,0);
INSERT INTO `_Catalog_Client_Contacts` (Id,LineNumber,Ref,Contact,Actual,IsTombstone,IsDirty) VALUES ('@ref[Catalog_Client_Contacts]:5dd1aee7-671c-e611-80c3-005056010e44',1,'@ref[Catalog_Client]:18495928-b92e-11e5-80d9-005056011152','@ref[Catalog_Contacts]:b88ff728-debb-11e5-80d9-005056011152',0,0,0);
INSERT INTO `_Catalog_Client_Contacts` (Id,LineNumber,Ref,Contact,Actual,IsTombstone,IsDirty) VALUES ('@ref[Catalog_Client_Contacts]:5ed1aee7-671c-e611-80c3-005056010e44',1,'@ref[Catalog_Client]:1849592c-b92e-11e5-80d9-005056011152','@ref[Catalog_Contacts]:06b50a77-ea89-11e5-80db-005056011152',0,0,0);
INSERT INTO `_Catalog_Client_Contacts` (Id,LineNumber,Ref,Contact,Actual,IsTombstone,IsDirty) VALUES ('@ref[Catalog_Client_Contacts]:9cd1aee7-671c-e611-80c3-005056010e44',1,'@ref[Catalog_Client]:76b69e58-e745-11e5-80d9-005056011152','@ref[Catalog_Contacts]:76b69e57-e745-11e5-80d9-005056011152',0,0,0);
INSERT INTO `_Catalog_Client_Contacts` (Id,LineNumber,Ref,Contact,Actual,IsTombstone,IsDirty) VALUES ('@ref[Catalog_Client_Contacts]:79d1aee7-671c-e611-80c3-005056010e44',1,'@ref[Catalog_Client]:759e4cfb-e079-11e5-80d9-005056011152','@ref[Catalog_Contacts]:759e4cfa-e079-11e5-80d9-005056011152',0,0,0);
INSERT INTO `_Catalog_Client_Contacts` (Id,LineNumber,Ref,Contact,Actual,IsTombstone,IsDirty) VALUES ('@ref[Catalog_Client_Contacts]:74d1aee7-671c-e611-80c3-005056010e44',1,'@ref[Catalog_Client]:9e845e27-df85-11e5-80d9-005056011152','@ref[Catalog_Contacts]:9e845e26-df85-11e5-80d9-005056011152',0,0,0);
INSERT INTO `_Catalog_Client_Contacts` (Id,LineNumber,Ref,Contact,Actual,IsTombstone,IsDirty) VALUES ('@ref[Catalog_Client_Contacts]:60d1aee7-671c-e611-80c3-005056010e44',1,'@ref[Catalog_Client]:7afff6c1-dbac-11e5-80d9-005056011152','@ref[Catalog_Contacts]:7afff6c2-dbac-11e5-80d9-005056011152',0,0,0);
INSERT INTO `_Catalog_Client_Contacts` (Id,LineNumber,Ref,Contact,Actual,IsTombstone,IsDirty) VALUES ('@ref[Catalog_Client_Contacts]:92d1aee7-671c-e611-80c3-005056010e44',1,'@ref[Catalog_Client]:729d7c29-e1d5-11e5-80d9-005056011152','@ref[Catalog_Contacts]:729d7c28-e1d5-11e5-80d9-005056011152',0,0,0);
INSERT INTO `_Catalog_Client_Contacts` (Id,LineNumber,Ref,Contact,Actual,IsTombstone,IsDirty) VALUES ('@ref[Catalog_Client_Contacts]:f0d1aee7-671c-e611-80c3-005056010e44',1,'@ref[Catalog_Client]:bc25a663-fb39-11e5-80e3-005056011152','@ref[Catalog_Contacts]:bc25a662-fb39-11e5-80e3-005056011152',0,0,0);
INSERT INTO `_Catalog_Client_Contacts` (Id,LineNumber,Ref,Contact,Actual,IsTombstone,IsDirty) VALUES ('@ref[Catalog_Client_Contacts]:d9d1aee7-671c-e611-80c3-005056010e44',1,'@ref[Catalog_Client]:d61ab348-f98b-11e5-80e3-005056011152','@ref[Catalog_Contacts]:d61ab347-f98b-11e5-80e3-005056011152',0,0,0);
INSERT INTO `_Catalog_Client_Contacts` (Id,LineNumber,Ref,Contact,Actual,IsTombstone,IsDirty) VALUES ('@ref[Catalog_Client_Contacts]:ded1aee7-671c-e611-80c3-005056010e44',1,'@ref[Catalog_Client]:d61ab355-f98b-11e5-80e3-005056011152','@ref[Catalog_Contacts]:d61ab354-f98b-11e5-80e3-005056011152',0,0,0);
INSERT INTO `_Catalog_Client_Contacts` (Id,LineNumber,Ref,Contact,Actual,IsTombstone,IsDirty) VALUES ('@ref[Catalog_Client_Contacts]:cbd1aee7-671c-e611-80c3-005056010e44',1,'@ref[Catalog_Client]:d37ffb4a-f5a2-11e5-80e3-005056011152','@ref[Catalog_Contacts]:f39e5ab8-f007-11e5-80db-005056011152',0,0,0);
INSERT INTO `_Catalog_Client_Contacts` (Id,LineNumber,Ref,Contact,Actual,IsTombstone,IsDirty) VALUES ('@ref[Catalog_Client_Contacts]:1fd2aee7-671c-e611-80c3-005056010e44',2,'@ref[Catalog_Client]:72ec6d7c-0aec-11e6-80e3-005056011152','@ref[Catalog_Contacts]:f39e5ab9-f007-11e5-80db-005056011152',0,0,0);
INSERT INTO `_Catalog_Client_Contacts` (Id,LineNumber,Ref,Contact,Actual,IsTombstone,IsDirty) VALUES ('@ref[Catalog_Client_Contacts]:20d2aee7-671c-e611-80c3-005056010e44',1,'@ref[Catalog_Client]:72ec6d7c-0aec-11e6-80e3-005056011152','@ref[Catalog_Contacts]:422820b7-fff9-11e5-80e3-005056011152',0,0,0);
INSERT INTO `_Catalog_ClientOptions_ListValues` (Id,LineNumber,Ref,Val,IsTombstone,IsDirty) VALUES ('@ref[Catalog_ClientOptions_ListValues]:1bd1aee7-671c-e611-80c3-005056010e44',3,'@ref[Catalog_ClientOptions]:f249e6da-ee0a-11e5-80db-005056011152','VPN',0,0);
INSERT INTO `_Catalog_ClientOptions_ListValues` (Id,LineNumber,Ref,Val,IsTombstone,IsDirty) VALUES ('@ref[Catalog_ClientOptions_ListValues]:1cd1aee7-671c-e611-80c3-005056010e44',1,'@ref[Catalog_ClientOptions]:f249e6da-ee0a-11e5-80db-005056011152','Интернет',0,0);
INSERT INTO `_Catalog_ClientOptions_ListValues` (Id,LineNumber,Ref,Val,IsTombstone,IsDirty) VALUES ('@ref[Catalog_ClientOptions_ListValues]:1dd1aee7-671c-e611-80c3-005056010e44',4,'@ref[Catalog_ClientOptions]:f249e6da-ee0a-11e5-80db-005056011152','Разовые ',0,0);
INSERT INTO `_Catalog_ClientOptions_ListValues` (Id,LineNumber,Ref,Val,IsTombstone,IsDirty) VALUES ('@ref[Catalog_ClientOptions_ListValues]:1ed1aee7-671c-e611-80c3-005056010e44',2,'@ref[Catalog_ClientOptions]:f249e6da-ee0a-11e5-80db-005056011152','Телефония',0,0);
INSERT INTO `_Catalog_ClientOptions_ListValues` (Id,LineNumber,Ref,Val,IsTombstone,IsDirty) VALUES ('@ref[Catalog_ClientOptions_ListValues]:1fd1aee7-671c-e611-80c3-005056010e44',1,'@ref[Catalog_ClientOptions]:f249e6db-ee0a-11e5-80db-005056011152','1 Мбит/с',0,0);
INSERT INTO `_Catalog_ClientOptions_ListValues` (Id,LineNumber,Ref,Val,IsTombstone,IsDirty) VALUES ('@ref[Catalog_ClientOptions_ListValues]:20d1aee7-671c-e611-80c3-005056010e44',2,'@ref[Catalog_ClientOptions]:f249e6db-ee0a-11e5-80db-005056011152','2 Мбит/с',0,0);
INSERT INTO `_Catalog_ClientOptions_ListValues` (Id,LineNumber,Ref,Val,IsTombstone,IsDirty) VALUES ('@ref[Catalog_ClientOptions_ListValues]:21d1aee7-671c-e611-80c3-005056010e44',3,'@ref[Catalog_ClientOptions]:f249e6db-ee0a-11e5-80db-005056011152','3 Мбит/с',0,0);
INSERT INTO `_Catalog_ClientOptions_ListValues` (Id,LineNumber,Ref,Val,IsTombstone,IsDirty) VALUES ('@ref[Catalog_ClientOptions_ListValues]:22d1aee7-671c-e611-80c3-005056010e44',1,'@ref[Catalog_ClientOptions]:0677aa14-eeba-11e5-80db-005056011152','Узел 1 РТК',0,0);
INSERT INTO `_Catalog_ClientOptions_ListValues` (Id,LineNumber,Ref,Val,IsTombstone,IsDirty) VALUES ('@ref[Catalog_ClientOptions_ListValues]:23d1aee7-671c-e611-80c3-005056010e44',2,'@ref[Catalog_ClientOptions]:0677aa14-eeba-11e5-80db-005056011152','Узел 2 Мег',0,0);
INSERT INTO `_Catalog_ClientOptions_ListValues` (Id,LineNumber,Ref,Val,IsTombstone,IsDirty) VALUES ('@ref[Catalog_ClientOptions_ListValues]:24d1aee7-671c-e611-80c3-005056010e44',2,'@ref[Catalog_ClientOptions]:0677aa15-eeba-11e5-80db-005056011152','ТСЖ ГАРАНТ',0,0);
INSERT INTO `_Catalog_ClientOptions_ListValues` (Id,LineNumber,Ref,Val,IsTombstone,IsDirty) VALUES ('@ref[Catalog_ClientOptions_ListValues]:25d1aee7-671c-e611-80c3-005056010e44',1,'@ref[Catalog_ClientOptions]:0677aa15-eeba-11e5-80db-005056011152','ТСЖ Ромашк',0,0);
INSERT INTO `_Catalog_ClientOptions_ListValues` (Id,LineNumber,Ref,Val,IsTombstone,IsDirty) VALUES ('@ref[Catalog_ClientOptions_ListValues]:26d1aee7-671c-e611-80c3-005056010e44',2,'@ref[Catalog_ClientOptions]:d61ab34a-f98b-11e5-80e3-005056011152','ВОВ',0,0);
INSERT INTO `_Catalog_ClientOptions_ListValues` (Id,LineNumber,Ref,Val,IsTombstone,IsDirty) VALUES ('@ref[Catalog_ClientOptions_ListValues]:27d1aee7-671c-e611-80c3-005056010e44',1,'@ref[Catalog_ClientOptions]:d61ab34a-f98b-11e5-80e3-005056011152','Инвалид',0,0);
INSERT INTO `_Catalog_ClientOptions_ListValues` (Id,LineNumber,Ref,Val,IsTombstone,IsDirty) VALUES ('@ref[Catalog_ClientOptions_ListValues]:28d1aee7-671c-e611-80c3-005056010e44',3,'@ref[Catalog_ClientOptions]:d61ab34a-f98b-11e5-80e3-005056011152','Семья',0,0);
INSERT INTO `_Catalog_ClientOptions_ListValues` (Id,LineNumber,Ref,Val,IsTombstone,IsDirty) VALUES ('@ref[Catalog_ClientOptions_ListValues]:29d1aee7-671c-e611-80c3-005056010e44',2,'@ref[Catalog_ClientOptions]:422820b3-fff9-11e5-80e3-005056011152','Жен.',0,0);
INSERT INTO `_Catalog_ClientOptions_ListValues` (Id,LineNumber,Ref,Val,IsTombstone,IsDirty) VALUES ('@ref[Catalog_ClientOptions_ListValues]:2ad1aee7-671c-e611-80c3-005056010e44',1,'@ref[Catalog_ClientOptions]:422820b3-fff9-11e5-80e3-005056011152','Муж.',0,0);
INSERT INTO `_Catalog_ClientOptions_ListValues` (Id,LineNumber,Ref,Val,IsTombstone,IsDirty) VALUES ('@ref[Catalog_ClientOptions_ListValues]:2bd1aee7-671c-e611-80c3-005056010e44',1,'@ref[Catalog_ClientOptions]:422820b5-fff9-11e5-80e3-005056011152','Физ.лицо',0,0);
INSERT INTO `_Catalog_ClientOptions_ListValues` (Id,LineNumber,Ref,Val,IsTombstone,IsDirty) VALUES ('@ref[Catalog_ClientOptions_ListValues]:2cd1aee7-671c-e611-80c3-005056010e44',2,'@ref[Catalog_ClientOptions]:422820b5-fff9-11e5-80e3-005056011152','Юр.лицо',0,0);
INSERT INTO `_Catalog_ClientOptions` (Predefined,Id,DeletionMark,Description,Code,DataTypeParameter,DisplayingBMA,EditingBMA,IsTombstone,IsDirty) VALUES (0,'@ref[Catalog_ClientOptions]:13bd18c6-d63d-11e5-80d9-005056011152',1,'Карта проезда','000000001','@ref[Enum_TypesDataParameters]:ae3d67f7-50b3-4e00-4ab8-fc9cb4f1bf64',1,0,0,0);
INSERT INTO `_Catalog_ClientOptions` (Predefined,Id,DeletionMark,Description,Code,DataTypeParameter,DisplayingBMA,EditingBMA,IsTombstone,IsDirty) VALUES (0,'@ref[Catalog_ClientOptions]:2770a00f-d6d3-11e5-80d9-005056011152',1,'Вывеска','000000002','@ref[Enum_TypesDataParameters]:ae3d67f7-50b3-4e00-4ab8-fc9cb4f1bf64',1,0,0,0);
INSERT INTO `_Catalog_ClientOptions` (Predefined,Id,DeletionMark,Description,Code,DataTypeParameter,DisplayingBMA,EditingBMA,IsTombstone,IsDirty) VALUES (0,'@ref[Catalog_ClientOptions]:7afff6cf-dbac-11e5-80d9-005056011152',1,'Фото контактного лица','000000003','@ref[Enum_TypesDataParameters]:ae3d67f7-50b3-4e00-4ab8-fc9cb4f1bf64',0,0,0,0);
INSERT INTO `_Catalog_ClientOptions` (Predefined,Id,DeletionMark,Description,Code,DataTypeParameter,DisplayingBMA,EditingBMA,IsTombstone,IsDirty) VALUES (0,'@ref[Catalog_ClientOptions]:9e845e2c-df85-11e5-80d9-005056011152',1,'Количество сотрудников','000000004','@ref[Enum_TypesDataParameters]:a41d9f6f-7392-f28b-4894-2fdff7b03f74',1,0,0,0);
INSERT INTO `_Catalog_ClientOptions` (Predefined,Id,DeletionMark,Description,Code,DataTypeParameter,DisplayingBMA,EditingBMA,IsTombstone,IsDirty) VALUES (0,'@ref[Catalog_ClientOptions]:f249e6da-ee0a-11e5-80db-005056011152',0,'Подключеные услуги','000000005','@ref[Enum_TypesDataParameters]:988d759f-473c-bdde-42c8-3dcc69bcc24b',1,1,0,0);
INSERT INTO `_Catalog_ClientOptions` (Predefined,Id,DeletionMark,Description,Code,DataTypeParameter,DisplayingBMA,EditingBMA,IsTombstone,IsDirty) VALUES (0,'@ref[Catalog_ClientOptions]:f249e6db-ee0a-11e5-80db-005056011152',0,'Тарифный план Интернет','000000006','@ref[Enum_TypesDataParameters]:988d759f-473c-bdde-42c8-3dcc69bcc24b',0,0,0,0);
INSERT INTO `_Catalog_ClientOptions` (Predefined,Id,DeletionMark,Description,Code,DataTypeParameter,DisplayingBMA,EditingBMA,IsTombstone,IsDirty) VALUES (0,'@ref[Catalog_ClientOptions]:f249e6dc-ee0a-11e5-80db-005056011152',0,'Телефонный номер','000000007','@ref[Enum_TypesDataParameters]:a41d9f6f-7392-f28b-4894-2fdff7b03f74',0,0,0,0);
INSERT INTO `_Catalog_ClientOptions` (Predefined,Id,DeletionMark,Description,Code,DataTypeParameter,DisplayingBMA,EditingBMA,IsTombstone,IsDirty) VALUES (0,'@ref[Catalog_ClientOptions]:f249e6dd-ee0a-11e5-80db-005056011152',0,'IP-адрес','000000008','@ref[Enum_TypesDataParameters]:8404c846-e63b-425c-40fb-e3081e1b97c0',1,1,0,0);
INSERT INTO `_Catalog_ClientOptions` (Predefined,Id,DeletionMark,Description,Code,DataTypeParameter,DisplayingBMA,EditingBMA,IsTombstone,IsDirty) VALUES (0,'@ref[Catalog_ClientOptions]:f249e6de-ee0a-11e5-80db-005056011152',0,'Карточка в CRM','000000009','@ref[Enum_TypesDataParameters]:8404c846-e63b-425c-40fb-e3081e1b97c0',0,0,0,0);
INSERT INTO `_Catalog_ClientOptions` (Predefined,Id,DeletionMark,Description,Code,DataTypeParameter,DisplayingBMA,EditingBMA,IsTombstone,IsDirty) VALUES (0,'@ref[Catalog_ClientOptions]:f249e6df-ee0a-11e5-80db-005056011152',0,'Карточка в биллинге','000000010','@ref[Enum_TypesDataParameters]:a41d9f6f-7392-f28b-4894-2fdff7b03f74',1,0,0,0);
INSERT INTO `_Catalog_ClientOptions` (Predefined,Id,DeletionMark,Description,Code,DataTypeParameter,DisplayingBMA,EditingBMA,IsTombstone,IsDirty) VALUES (0,'@ref[Catalog_ClientOptions]:0677aa14-eeba-11e5-80db-005056011152',0,'Узел связи','000000011','@ref[Enum_TypesDataParameters]:988d759f-473c-bdde-42c8-3dcc69bcc24b',0,0,0,0);
INSERT INTO `_Catalog_ClientOptions` (Predefined,Id,DeletionMark,Description,Code,DataTypeParameter,DisplayingBMA,EditingBMA,IsTombstone,IsDirty) VALUES (0,'@ref[Catalog_ClientOptions]:0677aa15-eeba-11e5-80db-005056011152',0,'ТСЖ','000000012','@ref[Enum_TypesDataParameters]:988d759f-473c-bdde-42c8-3dcc69bcc24b',0,0,0,0);
INSERT INTO `_Catalog_ClientOptions` (Predefined,Id,DeletionMark,Description,Code,DataTypeParameter,DisplayingBMA,EditingBMA,IsTombstone,IsDirty) VALUES (0,'@ref[Catalog_ClientOptions]:79d892ef-f0d1-11e5-80db-005056011152',1,'Дата следующего визита','000000013','@ref[Enum_TypesDataParameters]:8404c846-e63b-425c-40fb-e3081e1b97c0',1,1,0,0);
INSERT INTO `_Catalog_ClientOptions` (Predefined,Id,DeletionMark,Description,Code,DataTypeParameter,DisplayingBMA,EditingBMA,IsTombstone,IsDirty) VALUES (0,'@ref[Catalog_ClientOptions]:d61ab349-f98b-11e5-80e3-005056011152',0,'Количество членов семьи','000000014','@ref[Enum_TypesDataParameters]:a41d9f6f-7392-f28b-4894-2fdff7b03f74',0,0,0,0);
INSERT INTO `_Catalog_ClientOptions` (Predefined,Id,DeletionMark,Description,Code,DataTypeParameter,DisplayingBMA,EditingBMA,IsTombstone,IsDirty) VALUES (0,'@ref[Catalog_ClientOptions]:d61ab34a-f98b-11e5-80e3-005056011152',0,'Наличие льгот','000000015','@ref[Enum_TypesDataParameters]:988d759f-473c-bdde-42c8-3dcc69bcc24b',0,0,0,0);
INSERT INTO `_Catalog_ClientOptions` (Predefined,Id,DeletionMark,Description,Code,DataTypeParameter,DisplayingBMA,EditingBMA,IsTombstone,IsDirty) VALUES (0,'@ref[Catalog_ClientOptions]:d61ab34b-f98b-11e5-80e3-005056011152',0,'Номер страхового догоовра','000000016','@ref[Enum_TypesDataParameters]:a41d9f6f-7392-f28b-4894-2fdff7b03f74',0,0,0,0);
INSERT INTO `_Catalog_ClientOptions` (Predefined,Id,DeletionMark,Description,Code,DataTypeParameter,DisplayingBMA,EditingBMA,IsTombstone,IsDirty) VALUES (0,'@ref[Catalog_ClientOptions]:d61ab34c-f98b-11e5-80e3-005056011152',0,'Дата страхового договора','000000017','@ref[Enum_TypesDataParameters]:be371ba8-80cb-b12e-4445-d9dbd848cd08',0,0,0,0);
INSERT INTO `_Catalog_ClientOptions` (Predefined,Id,DeletionMark,Description,Code,DataTypeParameter,DisplayingBMA,EditingBMA,IsTombstone,IsDirty) VALUES (0,'@ref[Catalog_ClientOptions]:422820b2-fff9-11e5-80e3-005056011152',0,'Возраст','000000018','@ref[Enum_TypesDataParameters]:a41d9f6f-7392-f28b-4894-2fdff7b03f74',0,0,0,0);
INSERT INTO `_Catalog_ClientOptions` (Predefined,Id,DeletionMark,Description,Code,DataTypeParameter,DisplayingBMA,EditingBMA,IsTombstone,IsDirty) VALUES (0,'@ref[Catalog_ClientOptions]:422820b3-fff9-11e5-80e3-005056011152',0,'Пол','000000019','@ref[Enum_TypesDataParameters]:988d759f-473c-bdde-42c8-3dcc69bcc24b',0,0,0,0);
INSERT INTO `_Catalog_ClientOptions` (Predefined,Id,DeletionMark,Description,Code,DataTypeParameter,DisplayingBMA,EditingBMA,IsTombstone,IsDirty) VALUES (0,'@ref[Catalog_ClientOptions]:422820b4-fff9-11e5-80e3-005056011152',0,'Кол-во подключенных услуг','000000020','@ref[Enum_TypesDataParameters]:a41d9f6f-7392-f28b-4894-2fdff7b03f74',0,0,0,0);
INSERT INTO `_Catalog_ClientOptions` (Predefined,Id,DeletionMark,Description,Code,DataTypeParameter,DisplayingBMA,EditingBMA,IsTombstone,IsDirty) VALUES (0,'@ref[Catalog_ClientOptions]:422820b5-fff9-11e5-80e3-005056011152',0,'Тип клиента','000000021','@ref[Enum_TypesDataParameters]:988d759f-473c-bdde-42c8-3dcc69bcc24b',0,0,0,0);
INSERT INTO `_Catalog_Client` (Predefined,Id,DeletionMark,Description,Code,Latitude,Longitude,Address,Contractor,IsTombstone,IsDirty) VALUES (0,'@ref[Catalog_Client]:56087fac-b90f-11e5-80d9-005056011152',0,'Газпром, новый офис','000000001',59.88025,30.43829,'Хабаровск, Карла Маркса, 158','@ref[Catalog_Accounts]:18495934-b92e-11e5-80d9-005056011152',0,0);
INSERT INTO `_Catalog_Client` (Predefined,Id,DeletionMark,Description,Code,Latitude,Longitude,Address,Contractor,IsTombstone,IsDirty) VALUES (0,'@ref[Catalog_Client]:18495924-b92e-11e5-80d9-005056011152',0,'Эльдорадо, Спб, Галерея','000000003',59.88003,30.43884,'Спб, Лиговский проспект, 5','@ref[Catalog_Accounts]:18495936-b92e-11e5-80d9-005056011152',0,0);
INSERT INTO `_Catalog_Client` (Predefined,Id,DeletionMark,Description,Code,Latitude,Longitude,Address,Contractor,IsTombstone,IsDirty) VALUES (0,'@ref[Catalog_Client]:18495928-b92e-11e5-80d9-005056011152',0,'Сбербанк, центр обслуживания клиентов, Невский','000000004',51.76875,107.5944,'Спб, Невский проспект, 89','@ref[Catalog_Accounts]:18495932-b92e-11e5-80d9-005056011152',0,0);
INSERT INTO `_Catalog_Client` (Predefined,Id,DeletionMark,Description,Code,Latitude,Longitude,Address,Contractor,IsTombstone,IsDirty) VALUES (0,'@ref[Catalog_Client]:1849592c-b92e-11e5-80d9-005056011152',0,'Аэрофлот, Москва','000000005',0.0,0.0,'Россия, Москва','@ref[Catalog_Accounts]:18495935-b92e-11e5-80d9-005056011152',0,0);
INSERT INTO `_Catalog_Client` (Predefined,Id,DeletionMark,Description,Code,Latitude,Longitude,Address,Contractor,IsTombstone,IsDirty) VALUES (0,'@ref[Catalog_Client]:7afff6c1-dbac-11e5-80d9-005056011152',1,'Стройарсенал Бугры','000000009',59.8803,30.43814,'Бугры, Воронцовский б-р','@ref[Catalog_Accounts]:7afff6c0-dbac-11e5-80d9-005056011152',0,0);
INSERT INTO `_Catalog_Client` (Predefined,Id,DeletionMark,Description,Code,Latitude,Longitude,Address,Contractor,IsTombstone,IsDirty) VALUES (0,'@ref[Catalog_Client]:9e845e27-df85-11e5-80d9-005056011152',1,'Чайковский Пётр Ильич','000000012',0.0,0.0,'Санкт-петербург, Лиговский пр, д. 52 лит. "А"','@ref[Catalog_Accounts]:9e845e21-df85-11e5-80d9-005056011152',0,0);
INSERT INTO `_Catalog_Client` (Predefined,Id,DeletionMark,Description,Code,Latitude,Longitude,Address,Contractor,IsTombstone,IsDirty) VALUES (0,'@ref[Catalog_Client]:759e4cfb-e079-11e5-80d9-005056011152',1,'Атака','000000013',0.0,0.0,'Ленина 1 д.1','@ref[Catalog_Accounts]:00000000-0000-0000-0000-000000000000',0,0);
INSERT INTO `_Catalog_Client` (Predefined,Id,DeletionMark,Description,Code,Latitude,Longitude,Address,Contractor,IsTombstone,IsDirty) VALUES (0,'@ref[Catalog_Client]:729d7c29-e1d5-11e5-80d9-005056011152',1,'Дементьев Дмитрий Даниилович','000000018',59.88003,30.43855,'пр-т Новоселов, д. 39, к.4, кв 662','@ref[Catalog_Accounts]:00000000-0000-0000-0000-000000000000',0,0);
INSERT INTO `_Catalog_Client` (Predefined,Id,DeletionMark,Description,Code,Latitude,Longitude,Address,Contractor,IsTombstone,IsDirty) VALUES (0,'@ref[Catalog_Client]:76b69e58-e745-11e5-80d9-005056011152',1,'Майя','000000020',0.0,0.0,'Шишкина 176, кв7','@ref[Catalog_Accounts]:729d7c2d-e1d5-11e5-80d9-005056011152',0,0);
INSERT INTO `_Catalog_Client` (Predefined,Id,DeletionMark,Description,Code,Latitude,Longitude,Address,Contractor,IsTombstone,IsDirty) VALUES (0,'@ref[Catalog_Client]:d37ffb4a-f5a2-11e5-80e3-005056011152',1,'Поликлинника №1','000000024',51.76875,107.5944,'Бабушкина ул., д 1','@ref[Catalog_Accounts]:00000000-0000-0000-0000-000000000000',0,0);
INSERT INTO `_Catalog_Client` (Predefined,Id,DeletionMark,Description,Code,Latitude,Longitude,Address,Contractor,IsTombstone,IsDirty) VALUES (0,'@ref[Catalog_Client]:d61ab348-f98b-11e5-80e3-005056011152',0,'Иванов Иван Иванович','000000025',51.76875,107.5944,'г. Москва, ул. Бутырская, д.14','@ref[Catalog_Accounts]:729d7c2d-e1d5-11e5-80d9-005056011152',0,0);
INSERT INTO `_Catalog_Client` (Predefined,Id,DeletionMark,Description,Code,Latitude,Longitude,Address,Contractor,IsTombstone,IsDirty) VALUES (0,'@ref[Catalog_Client]:d61ab355-f98b-11e5-80e3-005056011152',0,'Петров Петр Петрович','000000026',55.68407,37.62679,'Химки, ул. Коммунаров, д1','@ref[Catalog_Accounts]:729d7c2d-e1d5-11e5-80d9-005056011152',0,0);
INSERT INTO `_Catalog_Client` (Predefined,Id,DeletionMark,Description,Code,Latitude,Longitude,Address,Contractor,IsTombstone,IsDirty) VALUES (0,'@ref[Catalog_Client]:bc25a663-fb39-11e5-80e3-005056011152',0,'Иванов Иван','000000028',0.0,0.0,'Ленинский пр-т, 3, кв 4','@ref[Catalog_Accounts]:00000000-0000-0000-0000-000000000000',0,0);
INSERT INTO `_Catalog_Client` (Predefined,Id,DeletionMark,Description,Code,Latitude,Longitude,Address,Contractor,IsTombstone,IsDirty) VALUES (0,'@ref[Catalog_Client]:72ec6d7c-0aec-11e6-80e3-005056011152',0,'Пулковские бани','000000031',59.87995,30.43869,'Пулковская ул, д.2','@ref[Catalog_Accounts]:00000000-0000-0000-0000-000000000000',0,0);
INSERT INTO `_Catalog_Actions_ValueList` (Id,LineNumber,Ref,Val,IsTombstone,IsDirty) VALUES ('@ref[Catalog_Actions_ValueList]:44d4aee7-671c-e611-80c3-005056010e44',1,'@ref[Catalog_Actions]:13bd18bd-d63d-11e5-80d9-005056011152',' Прайс 1 (без скидок)',0,0);
INSERT INTO `_Catalog_Actions_ValueList` (Id,LineNumber,Ref,Val,IsTombstone,IsDirty) VALUES ('@ref[Catalog_Actions_ValueList]:45d4aee7-671c-e611-80c3-005056010e44',2,'@ref[Catalog_Actions]:13bd18bd-d63d-11e5-80d9-005056011152','Прайс 2 (скидка 5%)',0,0);
INSERT INTO `_Catalog_Actions_ValueList` (Id,LineNumber,Ref,Val,IsTombstone,IsDirty) VALUES ('@ref[Catalog_Actions_ValueList]:46d4aee7-671c-e611-80c3-005056010e44',2,'@ref[Catalog_Actions]:f2b77ce0-db8b-11e5-80d9-005056011152','двойное',0,0);
INSERT INTO `_Catalog_Actions_ValueList` (Id,LineNumber,Ref,Val,IsTombstone,IsDirty) VALUES ('@ref[Catalog_Actions_ValueList]:47d4aee7-671c-e611-80c3-005056010e44',4,'@ref[Catalog_Actions]:f2b77ce0-db8b-11e5-80d9-005056011152','иное',0,0);
INSERT INTO `_Catalog_Actions_ValueList` (Id,LineNumber,Ref,Val,IsTombstone,IsDirty) VALUES ('@ref[Catalog_Actions_ValueList]:48d4aee7-671c-e611-80c3-005056010e44',1,'@ref[Catalog_Actions]:f2b77ce0-db8b-11e5-80d9-005056011152','одинарное',0,0);
INSERT INTO `_Catalog_Actions_ValueList` (Id,LineNumber,Ref,Val,IsTombstone,IsDirty) VALUES ('@ref[Catalog_Actions_ValueList]:49d4aee7-671c-e611-80c3-005056010e44',3,'@ref[Catalog_Actions]:f2b77ce0-db8b-11e5-80d9-005056011152','тройное',0,0);
INSERT INTO `_Catalog_Actions` (Predefined,Id,DeletionMark,Description,Code,ActionType,IsTombstone,IsDirty) VALUES (0,'@ref[Catalog_Actions]:13bd18bc-d63d-11e5-80d9-005056011152',0,'Оставил координаты','000000001','@ref[Enum_TypesDataParameters]:aab753ce-1c3b-26b2-4d84-1461cd69c8ab',0,0);
INSERT INTO `_Catalog_Actions` (Predefined,Id,DeletionMark,Description,Code,ActionType,IsTombstone,IsDirty) VALUES (0,'@ref[Catalog_Actions]:13bd18bd-d63d-11e5-80d9-005056011152',0,'Оставил новый прайс','000000002','@ref[Enum_TypesDataParameters]:988d759f-473c-bdde-42c8-3dcc69bcc24b',0,0);
INSERT INTO `_Catalog_Actions` (Predefined,Id,DeletionMark,Description,Code,ActionType,IsTombstone,IsDirty) VALUES (0,'@ref[Catalog_Actions]:13bd18be-d63d-11e5-80d9-005056011152',0,'фотоотчет','000000003','@ref[Enum_TypesDataParameters]:ae3d67f7-50b3-4e00-4ab8-fc9cb4f1bf64',0,0);
INSERT INTO `_Catalog_Actions` (Predefined,Id,DeletionMark,Description,Code,ActionType,IsTombstone,IsDirty) VALUES (0,'@ref[Catalog_Actions]:f2b77cde-db8b-11e5-80d9-005056011152',0,'Высота','000000004','@ref[Enum_TypesDataParameters]:a93579ae-b709-07f2-4228-f017f13e594f',0,0);
INSERT INTO `_Catalog_Actions` (Predefined,Id,DeletionMark,Description,Code,ActionType,IsTombstone,IsDirty) VALUES (0,'@ref[Catalog_Actions]:f2b77cdf-db8b-11e5-80d9-005056011152',0,'ширина','000000005','@ref[Enum_TypesDataParameters]:a93579ae-b709-07f2-4228-f017f13e594f',0,0);
INSERT INTO `_Catalog_Actions` (Predefined,Id,DeletionMark,Description,Code,ActionType,IsTombstone,IsDirty) VALUES (0,'@ref[Catalog_Actions]:f2b77ce0-db8b-11e5-80d9-005056011152',0,'тип окна','000000006','@ref[Enum_TypesDataParameters]:988d759f-473c-bdde-42c8-3dcc69bcc24b',0,0);
INSERT INTO `_Catalog_Actions` (Predefined,Id,DeletionMark,Description,Code,ActionType,IsTombstone,IsDirty) VALUES (0,'@ref[Catalog_Actions]:9e845e0c-df85-11e5-80d9-005056011152',0,'Серийный номер','000000007','@ref[Enum_TypesDataParameters]:8404c846-e63b-425c-40fb-e3081e1b97c0',0,0);
INSERT INTO `_Catalog_Actions` (Predefined,Id,DeletionMark,Description,Code,ActionType,IsTombstone,IsDirty) VALUES (0,'@ref[Catalog_Actions]:9e845e0d-df85-11e5-80d9-005056011152',0,'Продуктовы код','000000008','@ref[Enum_TypesDataParameters]:8404c846-e63b-425c-40fb-e3081e1b97c0',0,0);
INSERT INTO `_Catalog_Actions` (Predefined,Id,DeletionMark,Description,Code,ActionType,IsTombstone,IsDirty) VALUES (0,'@ref[Catalog_Actions]:9e845e0e-df85-11e5-80d9-005056011152',0,'Дата продажи','000000009','@ref[Enum_TypesDataParameters]:be371ba8-80cb-b12e-4445-d9dbd848cd08',0,0);
INSERT INTO `_Catalog_Actions` (Predefined,Id,DeletionMark,Description,Code,ActionType,IsTombstone,IsDirty) VALUES (0,'@ref[Catalog_Actions]:92c94c37-e113-11e5-80d9-005056011152',0,'Место продажи','000000011','@ref[Enum_TypesDataParameters]:8404c846-e63b-425c-40fb-e3081e1b97c0',0,0);
INSERT INTO `_Catalog_Actions` (Predefined,Id,DeletionMark,Description,Code,ActionType,IsTombstone,IsDirty) VALUES (0,'@ref[Catalog_Actions]:92c94c38-e113-11e5-80d9-005056011152',0,'Модель','000000012','@ref[Enum_TypesDataParameters]:8404c846-e63b-425c-40fb-e3081e1b97c0',0,0);
INSERT INTO `_Catalog_Actions` (Predefined,Id,DeletionMark,Description,Code,ActionType,IsTombstone,IsDirty) VALUES (0,'@ref[Catalog_Actions]:92c94c3d-e113-11e5-80d9-005056011152',0,'Фото дефекта','000000017','@ref[Enum_TypesDataParameters]:ae3d67f7-50b3-4e00-4ab8-fc9cb4f1bf64',0,0);
INSERT INTO `_Catalog_Actions` (Predefined,Id,DeletionMark,Description,Code,ActionType,IsTombstone,IsDirty) VALUES (0,'@ref[Catalog_Actions]:92c94c55-e113-11e5-80d9-005056011152',0,'Номер бланка','000000024','@ref[Enum_TypesDataParameters]:a41d9f6f-7392-f28b-4894-2fdff7b03f74',0,0);
INSERT INTO `_Catalog_Actions` (Predefined,Id,DeletionMark,Description,Code,ActionType,IsTombstone,IsDirty) VALUES (0,'@ref[Catalog_Actions]:1211782c-e67d-11e5-80d9-005056011152',0,'Есть ли вода','000000026','@ref[Enum_TypesDataParameters]:aab753ce-1c3b-26b2-4d84-1461cd69c8ab',0,0);
INSERT INTO `_Catalog_Actions` (Predefined,Id,DeletionMark,Description,Code,ActionType,IsTombstone,IsDirty) VALUES (0,'@ref[Catalog_Actions]:30aff2bb-f015-11e5-80db-005056011152',0,'Время прибытия','000000032','@ref[Enum_TypesDataParameters]:be371ba8-80cb-b12e-4445-d9dbd848cd08',0,0);
INSERT INTO `_Catalog_Actions` (Predefined,Id,DeletionMark,Description,Code,ActionType,IsTombstone,IsDirty) VALUES (0,'@ref[Catalog_Actions]:30aff2bc-f015-11e5-80db-005056011152',0,'Описание работ','000000033','@ref[Enum_TypesDataParameters]:8404c846-e63b-425c-40fb-e3081e1b97c0',0,0);
INSERT INTO `_Catalog_Actions` (Predefined,Id,DeletionMark,Description,Code,ActionType,IsTombstone,IsDirty) VALUES (0,'@ref[Catalog_Actions]:30aff2bd-f015-11e5-80db-005056011152',0,'Пожелание клиента','000000034','@ref[Enum_TypesDataParameters]:8404c846-e63b-425c-40fb-e3081e1b97c0',0,0);
INSERT INTO `_Catalog_Actions` (Predefined,Id,DeletionMark,Description,Code,ActionType,IsTombstone,IsDirty) VALUES (0,'@ref[Catalog_Actions]:30aff2be-f015-11e5-80db-005056011152',0,'Время убытия','000000035','@ref[Enum_TypesDataParameters]:be371ba8-80cb-b12e-4445-d9dbd848cd08',0,0);
INSERT INTO `_Catalog_Actions` (Predefined,Id,DeletionMark,Description,Code,ActionType,IsTombstone,IsDirty) VALUES (0,'@ref[Catalog_Actions]:d61ab367-f98b-11e5-80e3-005056011152',0,'Скан св-ва','000000037','@ref[Enum_TypesDataParameters]:ae3d67f7-50b3-4e00-4ab8-fc9cb4f1bf64',0,0);
INSERT INTO `_Catalog_Actions` (Predefined,Id,DeletionMark,Description,Code,ActionType,IsTombstone,IsDirty) VALUES (0,'@ref[Catalog_Actions]:d61ab369-f98b-11e5-80e3-005056011152',0,'Скан ИНН','000000039','@ref[Enum_TypesDataParameters]:ae3d67f7-50b3-4e00-4ab8-fc9cb4f1bf64',0,0);
INSERT INTO `_Catalog_Actions` (Predefined,Id,DeletionMark,Description,Code,ActionType,IsTombstone,IsDirty) VALUES (0,'@ref[Catalog_Actions]:d61ab36b-f98b-11e5-80e3-005056011152',0,'Оставить рекламу','000000041','@ref[Enum_TypesDataParameters]:aab753ce-1c3b-26b2-4d84-1461cd69c8ab',0,0);
INSERT INTO `_Catalog_Actions` (Predefined,Id,DeletionMark,Description,Code,ActionType,IsTombstone,IsDirty) VALUES (0,'@ref[Catalog_Actions]:744ab531-053f-11e6-80e3-005056011152',0,'Полить цветы','000000042','@ref[Enum_TypesDataParameters]:8404c846-e63b-425c-40fb-e3081e1b97c0',0,0);
INSERT INTO `_Catalog_Accounts` (Predefined,Id,DeletionMark,IsFolder,Parent,Description,Code,IsTombstone,IsDirty) VALUES (0,'@ref[Catalog_Accounts]:18495931-b92e-11e5-80d9-005056011152',0,0,'@ref[Catalog_Accounts]:00000000-0000-0000-0000-000000000000','ГК «Мегафон» ','000000001',0,0);
INSERT INTO `_Catalog_Accounts` (Predefined,Id,DeletionMark,IsFolder,Parent,Description,Code,IsTombstone,IsDirty) VALUES (0,'@ref[Catalog_Accounts]:18495932-b92e-11e5-80d9-005056011152',0,0,'@ref[Catalog_Accounts]:00000000-0000-0000-0000-000000000000','Сбербанк','000000002',0,0);
INSERT INTO `_Catalog_Accounts` (Predefined,Id,DeletionMark,IsFolder,Parent,Description,Code,IsTombstone,IsDirty) VALUES (0,'@ref[Catalog_Accounts]:18495933-b92e-11e5-80d9-005056011152',0,0,'@ref[Catalog_Accounts]:00000000-0000-0000-0000-000000000000','Магнит','000000003',0,0);
INSERT INTO `_Catalog_Accounts` (Predefined,Id,DeletionMark,IsFolder,Parent,Description,Code,IsTombstone,IsDirty) VALUES (0,'@ref[Catalog_Accounts]:18495934-b92e-11e5-80d9-005056011152',0,0,'@ref[Catalog_Accounts]:00000000-0000-0000-0000-000000000000','Газпром','000000004',0,0);
INSERT INTO `_Catalog_Accounts` (Predefined,Id,DeletionMark,IsFolder,Parent,Description,Code,IsTombstone,IsDirty) VALUES (0,'@ref[Catalog_Accounts]:18495935-b92e-11e5-80d9-005056011152',0,0,'@ref[Catalog_Accounts]:00000000-0000-0000-0000-000000000000','Аэрофлот','000000005',0,0);
INSERT INTO `_Catalog_Accounts` (Predefined,Id,DeletionMark,IsFolder,Parent,Description,Code,IsTombstone,IsDirty) VALUES (0,'@ref[Catalog_Accounts]:18495936-b92e-11e5-80d9-005056011152',0,0,'@ref[Catalog_Accounts]:00000000-0000-0000-0000-000000000000','Эльдорадо','000000006',0,0);
INSERT INTO `_Catalog_Accounts` (Predefined,Id,DeletionMark,IsFolder,Parent,Description,Code,IsTombstone,IsDirty) VALUES (0,'@ref[Catalog_Accounts]:8c5a20d2-d02d-11e5-80d9-005056011152',0,0,'@ref[Catalog_Accounts]:00000000-0000-0000-0000-000000000000','Агроторг','000000007',0,0);
INSERT INTO `_Catalog_Accounts` (Predefined,Id,DeletionMark,IsFolder,Parent,Description,Code,IsTombstone,IsDirty) VALUES (0,'@ref[Catalog_Accounts]:4c1c80d2-daf0-11e5-80d9-005056011152',0,0,'@ref[Catalog_Accounts]:00000000-0000-0000-0000-000000000000','Кондитерская №1','000000008',0,0);
INSERT INTO `_Catalog_Accounts` (Predefined,Id,DeletionMark,IsFolder,Parent,Description,Code,IsTombstone,IsDirty) VALUES (0,'@ref[Catalog_Accounts]:7afff6c0-dbac-11e5-80d9-005056011152',0,0,'@ref[Catalog_Accounts]:00000000-0000-0000-0000-000000000000','Стройарсенал','000000009',0,0);
INSERT INTO `_Catalog_Accounts` (Predefined,Id,DeletionMark,IsFolder,Parent,Description,Code,IsTombstone,IsDirty) VALUES (0,'@ref[Catalog_Accounts]:9e845e21-df85-11e5-80d9-005056011152',0,0,'@ref[Catalog_Accounts]:00000000-0000-0000-0000-000000000000','Самсунг Электроникс','000000010',0,0);
INSERT INTO `_Catalog_Accounts` (Predefined,Id,DeletionMark,IsFolder,Parent,Description,Code,IsTombstone,IsDirty) VALUES (0,'@ref[Catalog_Accounts]:729d7c2d-e1d5-11e5-80d9-005056011152',0,0,'@ref[Catalog_Accounts]:00000000-0000-0000-0000-000000000000','Частное лицо','000000011',0,0);
INSERT INTO `_Catalog_Accounts` (Predefined,Id,DeletionMark,IsFolder,Parent,Description,Code,IsTombstone,IsDirty) VALUES (0,'@ref[Catalog_Accounts]:422820b6-fff9-11e5-80e3-005056011152',0,0,'@ref[Catalog_Accounts]:00000000-0000-0000-0000-000000000000','ООО Глеб и ко','000000012',0,0);
INSERT INTO `_Catalog_Accounts` (Predefined,Id,DeletionMark,IsFolder,Parent,Description,Code,IsTombstone,IsDirty) VALUES (0,'@ref[Catalog_Accounts]:72ec6d81-0aec-11e6-80e3-005056011152',0,0,'@ref[Catalog_Accounts]:00000000-0000-0000-0000-000000000000','ООО "Анкор Девелопмент"','000000013',0,0);
INSERT INTO `_Catalog_Accounts` (Predefined,Id,DeletionMark,IsFolder,Parent,Description,Code,IsTombstone,IsDirty) VALUES (0,'@ref[Catalog_Accounts]:72ec6d86-0aec-11e6-80e3-005056011152',0,0,'@ref[Catalog_Accounts]:00000000-0000-0000-0000-000000000000','ООО "Анкор"','000000014',0,0);
INSERT INTO `_Catalog_Accounts` (Predefined,Id,DeletionMark,IsFolder,Parent,Description,Code,IsTombstone,IsDirty) VALUES (0,'@ref[Catalog_Accounts]:08f5238f-1214-11e6-80e3-005056011152',0,0,'@ref[Catalog_Accounts]:00000000-0000-0000-0000-000000000000','Rehau','000000015',0,0);
INSERT INTO `_Catalog_Accounts` (Predefined,Id,DeletionMark,IsFolder,Parent,Description,Code,IsTombstone,IsDirty) VALUES (0,'@ref[Catalog_Accounts]:08f52390-1214-11e6-80e3-005056011152',0,0,'@ref[Catalog_Accounts]:00000000-0000-0000-0000-000000000000','United Communications','000000016',0,0);
INSERT INTO `_Catalog_Accounts` (Predefined,Id,DeletionMark,IsFolder,Parent,Description,Code,IsTombstone,IsDirty) VALUES (0,'@ref[Catalog_Accounts]:08f52391-1214-11e6-80e3-005056011152',0,0,'@ref[Catalog_Accounts]:00000000-0000-0000-0000-000000000000','CEZ','000000017',0,0);
INSERT INTO `_Catalog_Accounts` (Predefined,Id,DeletionMark,IsFolder,Parent,Description,Code,IsTombstone,IsDirty) VALUES (0,'@ref[Catalog_Accounts]:08f52392-1214-11e6-80e3-005056011152',0,0,'@ref[Catalog_Accounts]:00000000-0000-0000-0000-000000000000','Gascontrol','000000018',0,0);
-- ----------------------------
--  View structure for Catalog_Accounts
-- ----------------------------
DROP VIEW IF EXISTS "Catalog_Accounts";
CREATE VIEW [Catalog_Accounts] AS SELECT [Predefined],[Id],[DeletionMark],[IsFolder],[Parent],[Description],[Code],[IsDirty] FROM [_Catalog_Accounts] WHERE IsTombstone = 0;

-- ----------------------------
--  View structure for Catalog_Actions
-- ----------------------------
DROP VIEW IF EXISTS "Catalog_Actions";
CREATE VIEW [Catalog_Actions] AS SELECT [Predefined],[Id],[DeletionMark],[Description],[Code],[ActionType],[IsDirty] FROM [_Catalog_Actions] WHERE IsTombstone = 0;

-- ----------------------------
--  View structure for Catalog_Actions_ValueList
-- ----------------------------
DROP VIEW IF EXISTS "Catalog_Actions_ValueList";
CREATE VIEW [Catalog_Actions_ValueList] AS SELECT [Id],[LineNumber],[Ref],[Val],[IsDirty] FROM [_Catalog_Actions_ValueList] WHERE IsTombstone = 0;

-- ----------------------------
--  View structure for Catalog_Client
-- ----------------------------
DROP VIEW IF EXISTS "Catalog_Client";
CREATE VIEW [Catalog_Client] AS SELECT [Predefined],[Id],[DeletionMark],[Description],[Code],[Latitude],[Longitude],[Address],[Contractor],[IsDirty] FROM [_Catalog_Client] WHERE IsTombstone = 0;

-- ----------------------------
--  View structure for Catalog_ClientOptions
-- ----------------------------
DROP VIEW IF EXISTS "Catalog_ClientOptions";
CREATE VIEW [Catalog_ClientOptions] AS SELECT [Predefined],[Id],[DeletionMark],[Description],[Code],[DataTypeParameter],[DisplayingBMA],[EditingBMA],[IsDirty] FROM [_Catalog_ClientOptions] WHERE IsTombstone = 0;

-- ----------------------------
--  View structure for Catalog_ClientOptions_ListValues
-- ----------------------------
DROP VIEW IF EXISTS "Catalog_ClientOptions_ListValues";
CREATE VIEW [Catalog_ClientOptions_ListValues] AS SELECT [Id],[LineNumber],[Ref],[Val],[IsDirty] FROM [_Catalog_ClientOptions_ListValues] WHERE IsTombstone = 0;

-- ----------------------------
--  View structure for Catalog_Client_Contacts
-- ----------------------------
DROP VIEW IF EXISTS "Catalog_Client_Contacts";
CREATE VIEW [Catalog_Client_Contacts] AS SELECT [Id],[LineNumber],[Ref],[Contact],[Actual],[IsDirty] FROM [_Catalog_Client_Contacts] WHERE IsTombstone = 0;

-- ----------------------------
--  View structure for Catalog_Client_Files
-- ----------------------------
DROP VIEW IF EXISTS "Catalog_Client_Files";
CREATE VIEW [Catalog_Client_Files] AS SELECT [Id],[Ref],[LineNumber],[FullFileName],[FileName],[IsDirty] FROM [_Catalog_Client_Files] WHERE IsTombstone = 0;

-- ----------------------------
--  View structure for Catalog_Client_Parameters
-- ----------------------------
DROP VIEW IF EXISTS "Catalog_Client_Parameters";
CREATE VIEW [Catalog_Client_Parameters] AS SELECT [Id],[LineNumber],[Ref],[Parameter],[Val],[IsDirty] FROM [_Catalog_Client_Parameters] WHERE IsTombstone = 0;

-- ----------------------------
--  View structure for Catalog_Contacts
-- ----------------------------
DROP VIEW IF EXISTS "Catalog_Contacts";
CREATE VIEW [Catalog_Contacts] AS SELECT [Predefined],[Id],[DeletionMark],[Description],[Code],[Position],[Tel],[EMail],[IsDirty] FROM [_Catalog_Contacts] WHERE IsTombstone = 0;

-- ----------------------------
--  View structure for Catalog_Equipment
-- ----------------------------
DROP VIEW IF EXISTS "Catalog_Equipment";
CREATE VIEW [Catalog_Equipment] AS SELECT [Predefined],[Id],[DeletionMark],[Description],[Code],[SKU],[IsDirty] FROM [_Catalog_Equipment] WHERE IsTombstone = 0;

-- ----------------------------
--  View structure for Catalog_EquipmentOptions
-- ----------------------------
DROP VIEW IF EXISTS "Catalog_EquipmentOptions";
CREATE VIEW [Catalog_EquipmentOptions] AS SELECT [Predefined],[Id],[DeletionMark],[Description],[Code],[DataTypeParameter],[DisplayingBMA],[EditingBMA],[IsDirty] FROM [_Catalog_EquipmentOptions] WHERE IsTombstone = 0;

-- ----------------------------
--  View structure for Catalog_EquipmentOptions_ListValues
-- ----------------------------
DROP VIEW IF EXISTS "Catalog_EquipmentOptions_ListValues";
CREATE VIEW [Catalog_EquipmentOptions_ListValues] AS SELECT [Id],[LineNumber],[Ref],[Val],[IsDirty] FROM [_Catalog_EquipmentOptions_ListValues] WHERE IsTombstone = 0;

-- ----------------------------
--  View structure for Catalog_Equipment_Equiements
-- ----------------------------
DROP VIEW IF EXISTS "Catalog_Equipment_Equiements";
CREATE VIEW [Catalog_Equipment_Equiements] AS SELECT [Id],[LineNumber],[Period],[Clients],[Ref],[StatusEquiement],[ContractSale],[CantractService],[ContactForEquiemnt],[Info],[Equiement],[IsDirty] FROM [_Catalog_Equipment_Equiements] WHERE IsTombstone = 0;

-- ----------------------------
--  View structure for Catalog_Equipment_EquiementsHistory
-- ----------------------------
DROP VIEW IF EXISTS "Catalog_Equipment_EquiementsHistory";
CREATE VIEW [Catalog_Equipment_EquiementsHistory] AS SELECT [Id],[LineNumber],[Period],[Client],[Ref],[Equiements],[Target],[Result],[ObjectGet],[Comment],[Executor],[IsDirty] FROM [_Catalog_Equipment_EquiementsHistory] WHERE IsTombstone = 0;

-- ----------------------------
--  View structure for Catalog_Equipment_Files
-- ----------------------------
DROP VIEW IF EXISTS "Catalog_Equipment_Files";
CREATE VIEW [Catalog_Equipment_Files] AS SELECT [Id],[Ref],[LineNumber],[FullFileName],[FileName],[IsDirty] FROM [_Catalog_Equipment_Files] WHERE IsTombstone = 0;

-- ----------------------------
--  View structure for Catalog_Equipment_Parameters
-- ----------------------------
DROP VIEW IF EXISTS "Catalog_Equipment_Parameters";
CREATE VIEW [Catalog_Equipment_Parameters] AS SELECT [Id],[LineNumber],[Ref],[Parameter],[Val],[IsDirty] FROM [_Catalog_Equipment_Parameters] WHERE IsTombstone = 0;

-- ----------------------------
--  View structure for Catalog_EventOptions
-- ----------------------------
DROP VIEW IF EXISTS "Catalog_EventOptions";
CREATE VIEW [Catalog_EventOptions] AS SELECT [Predefined],[Id],[DeletionMark],[Description],[Code],[DataTypeParameter],[DisplayingBMA],[EditingBMA],[IsDirty] FROM [_Catalog_EventOptions] WHERE IsTombstone = 0;

-- ----------------------------
--  View structure for Catalog_EventOptions_ListValues
-- ----------------------------
DROP VIEW IF EXISTS "Catalog_EventOptions_ListValues";
CREATE VIEW [Catalog_EventOptions_ListValues] AS SELECT [Id],[LineNumber],[Ref],[Val],[IsDirty] FROM [_Catalog_EventOptions_ListValues] WHERE IsTombstone = 0;

-- ----------------------------
--  View structure for Catalog_RIM
-- ----------------------------
DROP VIEW IF EXISTS "Catalog_RIM";
CREATE VIEW [Catalog_RIM] AS SELECT [Predefined],[Id],[DeletionMark],[IsFolder],[Parent],[Description],[Code],[Price],[Service],[SKU],[Unit],[IsDirty] FROM [_Catalog_RIM] WHERE IsTombstone = 0;

-- ----------------------------
--  View structure for Catalog_SKU
-- ----------------------------
DROP VIEW IF EXISTS "Catalog_SKU";
CREATE VIEW [Catalog_SKU] AS SELECT [Predefined],[Id],[DeletionMark],[IsFolder],[Parent],[Description],[Code],[IsDirty] FROM [_Catalog_SKU] WHERE IsTombstone = 0;

-- ----------------------------
--  View structure for Catalog_ServiceAgreement
-- ----------------------------
DROP VIEW IF EXISTS "Catalog_ServiceAgreement";
CREATE VIEW [Catalog_ServiceAgreement] AS SELECT [Predefined],[Id],[DeletionMark],[Description],[Code],[Client],[Organization],[DateStart],[DateEnd],[IsDirty] FROM [_Catalog_ServiceAgreement] WHERE IsTombstone = 0;

-- ----------------------------
--  View structure for Catalog_SettingMobileApplication
-- ----------------------------
DROP VIEW IF EXISTS "Catalog_SettingMobileApplication";
CREATE VIEW [Catalog_SettingMobileApplication] AS SELECT [Predefined],[Id],[DeletionMark],[Description],[Code],[DataType],[LogicValue],[NumericValue],[IsDirty] FROM [_Catalog_SettingMobileApplication] WHERE IsTombstone = 0;

-- ----------------------------
--  View structure for Catalog_TypesDepartures
-- ----------------------------
DROP VIEW IF EXISTS "Catalog_TypesDepartures";
CREATE VIEW [Catalog_TypesDepartures] AS SELECT [Predefined],[Id],[DeletionMark],[Description],[Code],[IsDirty] FROM [_Catalog_TypesDepartures] WHERE IsTombstone = 0;

-- ----------------------------
--  View structure for Catalog_User
-- ----------------------------
DROP VIEW IF EXISTS "Catalog_User";
CREATE VIEW [Catalog_User] AS SELECT [Predefined],[Id],[DeletionMark],[Description],[Code],[UserName],[Password],[UserDB],[EMail],[UserID],[Phone],[Role],[IsDirty] FROM [_Catalog_User] WHERE IsTombstone = 0;

-- ----------------------------
--  View structure for Catalog_User_Bag
-- ----------------------------
DROP VIEW IF EXISTS "Catalog_User_Bag";
CREATE VIEW [Catalog_User_Bag] AS SELECT [Id],[Materials],[Count],[LineNumber],[Ref],[IsDirty] FROM [_Catalog_User_Bag] WHERE IsTombstone = 0;

-- ----------------------------
--  View structure for Catalog_User_RemainsNorms
-- ----------------------------
DROP VIEW IF EXISTS "Catalog_User_RemainsNorms";
CREATE VIEW [Catalog_User_RemainsNorms] AS SELECT [Id],[Materials],[Count],[LineNumber],[Ref],[IsDirty] FROM [_Catalog_User_RemainsNorms] WHERE IsTombstone = 0;

-- ----------------------------
--  View structure for Document_CheckList
-- ----------------------------
DROP VIEW IF EXISTS "Document_CheckList";
CREATE VIEW [Document_CheckList] AS SELECT [Posted],[Id],[DeletionMark],[Date],[Number],[Description],[Project],[Status],[IsDirty] FROM [_Document_CheckList] WHERE IsTombstone = 0;

-- ----------------------------
--  View structure for Document_CheckList_Actions
-- ----------------------------
DROP VIEW IF EXISTS "Document_CheckList_Actions";
CREATE VIEW [Document_CheckList_Actions] AS SELECT [Id],[LineNumber],[Ref],[Action],[Required],[IsDirty] FROM [_Document_CheckList_Actions] WHERE IsTombstone = 0;

-- ----------------------------
--  View structure for Document_Event
-- ----------------------------
DROP VIEW IF EXISTS "Document_Event";
CREATE VIEW [Document_Event] AS SELECT [Posted],[Id],[DeletionMark],[Date],[Number],[ApplicationJustification],[Client],[DivisionSource],[KindEvent],[AnySale],[AnyProblem],[StartDatePlan],[EndDatePlan],[ActualStartDate],[ActualEndDate],[Author],[UserMA],[Comment],[DetailedDescription],[CommentContractor],[TargInteractions],[ResultInteractions],[Status],[Latitude],[Longitude],[GPSTime],[ContactVisiting],[TypesDepartures],[Importance],[IsDirty] FROM [_Document_Event] WHERE IsTombstone = 0;

-- ----------------------------
--  View structure for Document_Event_CheckList
-- ----------------------------
DROP VIEW IF EXISTS "Document_Event_CheckList";
CREATE VIEW [Document_Event_CheckList] AS SELECT [Id],[LineNumber],[Ref],[Action],[CheckListRef],[Result],[ActionType],[Required],[IsDirty] FROM [_Document_Event_CheckList] WHERE IsTombstone = 0;

-- ----------------------------
--  View structure for Document_Event_Equipments
-- ----------------------------
DROP VIEW IF EXISTS "Document_Event_Equipments";
CREATE VIEW [Document_Event_Equipments] AS SELECT [Id],[LineNumber],[Ref],[Equipment],[Terget],[Result],[Comment],[SID],[IsDirty] FROM [_Document_Event_Equipments] WHERE IsTombstone = 0;

-- ----------------------------
--  View structure for Document_Event_Files
-- ----------------------------
DROP VIEW IF EXISTS "Document_Event_Files";
CREATE VIEW [Document_Event_Files] AS SELECT [Id],[Ref],[LineNumber],[FullFileName],[FileName],[IsDirty] FROM [_Document_Event_Files] WHERE IsTombstone = 0;

-- ----------------------------
--  View structure for Document_Event_Parameters
-- ----------------------------
DROP VIEW IF EXISTS "Document_Event_Parameters";
CREATE VIEW [Document_Event_Parameters] AS SELECT [Id],[LineNumber],[Ref],[Parameter],[Val],[IsDirty] FROM [_Document_Event_Parameters] WHERE IsTombstone = 0;

-- ----------------------------
--  View structure for Document_Event_Photos
-- ----------------------------
DROP VIEW IF EXISTS "Document_Event_Photos";
CREATE VIEW [Document_Event_Photos] AS SELECT [Id],[LineNumber],[Ref],[UIDPhoto],[Equipment],[IsDirty] FROM [_Document_Event_Photos] WHERE IsTombstone = 0;

-- ----------------------------
--  View structure for Document_Event_ServicesMaterials
-- ----------------------------
DROP VIEW IF EXISTS "Document_Event_ServicesMaterials";
CREATE VIEW [Document_Event_ServicesMaterials] AS SELECT [Id],[LineNumber],[Ref],[SKU],[Price],[AmountPlan],[SumPlan],[AmountFact],[SumFact],[IsDirty] FROM [_Document_Event_ServicesMaterials] WHERE IsTombstone = 0;

-- ----------------------------
--  View structure for Document_Event_TypeDepartures
-- ----------------------------
DROP VIEW IF EXISTS "Document_Event_TypeDepartures";
CREATE VIEW [Document_Event_TypeDepartures] AS SELECT [Id],[LineNumber],[Ref],[TypeDeparture],[Active],[IsDirty] FROM [_Document_Event_TypeDepartures] WHERE IsTombstone = 0;

-- ----------------------------
--  View structure for Document_NeedMat
-- ----------------------------
DROP VIEW IF EXISTS "Document_NeedMat";
CREATE VIEW [Document_NeedMat] AS SELECT [Posted],[Id],[DeletionMark],[Date],[Number],[DocIn],[StatsNeed],[SR],[FillFull],[SRMComment],[SRComment],[IsDirty] FROM [_Document_NeedMat] WHERE IsTombstone = 0;

-- ----------------------------
--  View structure for Document_NeedMat_Matireals
-- ----------------------------
DROP VIEW IF EXISTS "Document_NeedMat_Matireals";
CREATE VIEW [Document_NeedMat_Matireals] AS SELECT [Id],[LineNumber],[Ref],[SKU],[Count],[IsDirty] FROM [_Document_NeedMat_Matireals] WHERE IsTombstone = 0;

-- ----------------------------
--  View structure for Document_Reminder
-- ----------------------------
DROP VIEW IF EXISTS "Document_Reminder";
CREATE VIEW [Document_Reminder] AS SELECT [Posted],[Id],[DeletionMark],[Date],[Number],[Reminders],[ViewReminder],[Comment],[IsDirty] FROM [_Document_Reminder] WHERE IsTombstone = 0;

-- ----------------------------
--  View structure for Document_Reminder_Photo
-- ----------------------------
DROP VIEW IF EXISTS "Document_Reminder_Photo";
CREATE VIEW [Document_Reminder_Photo] AS SELECT [Id],[LineNumber],[Ref],[IDPhoto],[IsDirty] FROM [_Document_Reminder_Photo] WHERE IsTombstone = 0;

-- ----------------------------
--  View structure for Enum_CheckListStatus
-- ----------------------------
DROP VIEW IF EXISTS "Enum_CheckListStatus";
CREATE VIEW [Enum_CheckListStatus] AS SELECT [Id],[Name],[Description],[IsDirty] FROM [_Enum_CheckListStatus] WHERE IsTombstone = 0;

-- ----------------------------
--  View structure for Enum_FoReminders
-- ----------------------------
DROP VIEW IF EXISTS "Enum_FoReminders";
CREATE VIEW [Enum_FoReminders] AS SELECT [Id],[Name],[Description],[IsDirty] FROM [_Enum_FoReminders] WHERE IsTombstone = 0;

-- ----------------------------
--  View structure for Enum_ResultEvent
-- ----------------------------
DROP VIEW IF EXISTS "Enum_ResultEvent";
CREATE VIEW [Enum_ResultEvent] AS SELECT [Id],[Name],[Description],[IsDirty] FROM [_Enum_ResultEvent] WHERE IsTombstone = 0;

-- ----------------------------
--  View structure for Enum_StatsNeedNum
-- ----------------------------
DROP VIEW IF EXISTS "Enum_StatsNeedNum";
CREATE VIEW [Enum_StatsNeedNum] AS SELECT [Id],[Name],[Description],[IsDirty] FROM [_Enum_StatsNeedNum] WHERE IsTombstone = 0;

-- ----------------------------
--  View structure for Enum_StatusEquipment
-- ----------------------------
DROP VIEW IF EXISTS "Enum_StatusEquipment";
CREATE VIEW [Enum_StatusEquipment] AS SELECT [Id],[Name],[Description],[IsDirty] FROM [_Enum_StatusEquipment] WHERE IsTombstone = 0;

-- ----------------------------
--  View structure for Enum_StatusImportance
-- ----------------------------
DROP VIEW IF EXISTS "Enum_StatusImportance";
CREATE VIEW [Enum_StatusImportance] AS SELECT [Id],[Name],[Description],[IsDirty] FROM [_Enum_StatusImportance] WHERE IsTombstone = 0;

-- ----------------------------
--  View structure for Enum_StatusyEvents
-- ----------------------------
DROP VIEW IF EXISTS "Enum_StatusyEvents";
CREATE VIEW [Enum_StatusyEvents] AS SELECT [Id],[Name],[Description],[IsDirty] FROM [_Enum_StatusyEvents] WHERE IsTombstone = 0;

-- ----------------------------
--  View structure for Enum_TypesDataParameters
-- ----------------------------
DROP VIEW IF EXISTS "Enum_TypesDataParameters";
CREATE VIEW [Enum_TypesDataParameters] AS SELECT [Id],[Name],[Description],[IsDirty] FROM [_Enum_TypesDataParameters] WHERE IsTombstone = 0;

-- ----------------------------
--  View structure for Enum_TypesEvents
-- ----------------------------
DROP VIEW IF EXISTS "Enum_TypesEvents";
CREATE VIEW [Enum_TypesEvents] AS SELECT [Id],[Name],[Description],[IsDirty] FROM [_Enum_TypesEvents] WHERE IsTombstone = 0;
